id,connNo,source,target,color,isCable,isInPanel,connType,voltage,current,resistance
1,1,=A01+K1.H2-Q1:D2,=A01+K1.B1-K3:14,,0,1,外部连接,0.0,0.0,0.0
2,2,=A01+K1.H2-W0:L1,=A01+K1.H2-Q1:T1,,0,1,外部连接,0.0,0.0,0.0
3,3,=A01+K1.H2-F0:2,=A01+K1.H2-Q1:L1,,0,1,外部连接,0.0,0.0,0.0
4,4,=A01+K1.H2-Q1:L1,=A01+K1.H2-Q2:L1,,0,1,外部连接,0.0,0.0,0.0
5,5,=A01+K1.H2-W0:L2,=A01+K1.H2-Q1:T2,,0,1,外部连接,0.0,0.0,0.0
6,6,=A01+K1.H2-F0:4,=A01+K1.H2-Q1:L2,,0,1,外部连接,0.0,0.0,0.0
7,7,=A01+K1.H2-Q1:L2,=A01+K1.H2-Q2:L2,,0,1,外部连接,0.0,0.0,0.0
8,8,=A01+K1.H2-W0:L3,=A01+K1.H2-Q1:T3,,0,1,外部连接,0.0,0.0,0.0
9,9,=A01+K1.H2-Q1:L3,=A01+K1.H2-F0:6,,0,1,外部连接,0.0,0.0,0.0
10,10,=A01+K1.H2-Q1:L3,=A01+K1.H2-Q2:L3,,0,1,外部连接,0.0,0.0,0.0
11,11,=A01+K1.H2-X1:N:2,=A01+K1.H2-X1:N:1,,0,1,外部连接,0.0,0.0,0.0
12,12,=A01+K1.H2-X1:N:2,=A02+K1.H2-X5:N:1,,0,1,外部连接,0.0,0.0,0.0
14,15,=A01+K1.H2-X1:PE:4,=A02+K1.H2-W20:SE,,0,1,外部连接,0.0,0.0,0.0
15,17,=A01+K1.H2-X1:PE:2,=A02+K1.H2-X6:PE:1,,0,1,外部连接,0.0,0.0,0.0
16,18,=A01+K1.H2-Q1:3.14,=A01+K1.H2-G1:SEC:31,,0,1,外部连接,0.0,0.0,0.0
17,19,=A01+K1.H2-Q1:3.13,=A01+K1.H2-Q1:D1,,0,1,外部连接,0.0,0.0,0.0
18,20,=A01+K1.H2-G1:SEC:31,=A01+K1.H2-X1:PE:1,,0,1,外部连接,0.0,0.0,0.0
19,21,=A01+K1.H2-X1:PE:1,=A01+K1.H2-G1:PRI:PE,,0,1,外部连接,0.0,0.0,0.0
20,22,=A01+K1.H2-Q2:T1,=A01+K1.H2-G1:PRI:1,,0,1,外部连接,0.0,0.0,0.0
21,23,=A01+K1.H2-G1:SEC:32,=A02+K1.B1-X20-X20.5F:20,,0,1,外部连接,0.0,0.0,0.0
22,24,=A01+K1.H2-Q2:T2,=A01+K1.H2-G1:PRI:2,,0,1,外部连接,0.0,0.0,0.0
23,25,=A01+K1.H2-Q2:T3,=A01+K1.H2-X1:5:3,,0,1,外部连接,0.0,0.0,0.0
24,26,=A01+K1.H2-X1:5:3,=A01+K1.H2-X1:7:3,,0,1,外部连接,0.0,0.0,0.0
25,27,=A01+K1.B1-K3:11,=A01+K1.H2-X1:3:4,,0,1,外部连接,0.0,0.0,0.0
26,28,=A01+K1.H2-X1:2:5,=A02+K1.B1-A3:13,,0,1,外部连接,0.0,0.0,0.0
27,29,=A01+K1.G2-S1:4,=A01+K1.H2-X1:2:2,,0,1,外部连接,0.0,0.0,0.0
28,30,=A01+K1.H2-X1:1:4,=A01+K1.G2-S1:3,,0,1,外部连接,0.0,0.0,0.0
29,31,=A01+K1.B1-W7(-P1):P1:1,=A01+K1.H2-X1:1:3,,0,1,外部连接,0.0,0.0,0.0
30,32,=A01+K1.G2-S1:2,=A01+K1.H2-X1:3:3,,0,1,外部连接,0.0,0.0,0.0
31,33,=A01+K1.G2-S1:1,=A01+K1.H2-X1:4:2,,0,1,外部连接,0.0,0.0,0.0
32,34,=A01+K1.H2-X1:4:5,=A02+K1.B1-X20-X20.5F:19,,0,1,外部连接,0.0,0.0,0.0
33,35,=A02+K1.B1-X20-X20.5F:18,=A02+K1.B1-A3:14,,0,1,外部连接,0.0,0.0,0.0
36,38,=A01+K1.B1-W7(-P1):P1:1,=A02+K1.B1-X20-X20.5M:17,,0,1,外部连接,0.0,0.0,0.0
39,45,=A01+K1.H2-X1:5:4,=A01+K1.B1-X20:L,,0,1,外部连接,0.0,0.0,0.0
40,46,=A01+K1.H2-X1:6:5,=A01+K1.B1-X20:N,,0,1,外部连接,0.0,0.0,0.0
41,47,=A02+K1.H2-X5:N:5,=A01+K1.H2-X1:6:2,,0,1,外部连接,0.0,0.0,0.0
42,48,=A01+K1.H2-X1:PE:1,=A01+K1.B1-X20:PE,,0,1,外部连接,0.0,0.0,0.0
43,49,=A01+K1.H2-X1:7:4,=A01+K1.E1-E1:L,,0,1,外部连接,0.0,0.0,0.0
44,50,=A01+K1.H2-X1:PE:1,=A01+K1.E1-E1:PE,,0,1,外部连接,0.0,0.0,0.0
45,51,=A01+K1.H2-X1:8:5,=A01+K1.E1-E1:N,,0,1,外部连接,0.0,0.0,0.0
46,52,=A02+K1.H2-X5:N:5,=A01+K1.H2-X1:8:2,,0,1,外部连接,0.0,0.0,0.0
47,53,=A01+K1.B1-W7(-P1):P1:1,=A01+K1.H1-G2-L+,,0,1,外部连接,0.0,0.0,0.0
48,54,=A01+K1.H2-F1:2,=A01+K1.H1-G2-L,,0,1,外部连接,0.0,0.0,0.0
49,55,=A01+K1.H2-X1:9:4,=A01+K1.H2-F1:1,,0,1,外部连接,0.0,0.0,0.0
50,56,=P01+K1.G1-E1:X4:L,=A01+K1.H2-X1:9:3,,0,1,外部连接,0.0,0.0,0.0
51,57,=A01+K1.H2-X1:10:5,=A01+K1.H1-G2-N,,0,1,外部连接,0.0,0.0,0.0
52,58,=P01+K1.G1-E1:X4:N,=A01+K1.H2-X1:10:2,,0,1,外部连接,0.0,0.0,0.0
53,59,=A01+K1.H1-G2-L-,=A01+K1.B1-W7(-P2):P2:1,,0,1,外部连接,0.0,0.0,0.0
54,60,=A01+K1.H2-X1:PE:1,=A01+K1.H1-G2-PE,,0,1,外部连接,0.0,0.0,0.0
55,61,=A02+K1.H2-X6:2:2,=A01+K1.H1-G2-PE:PE,,0,1,外部连接,0.0,0.0,0.0
56,62,=A01+K1.H1-G2-L-,=A02+K1.H2-X6:3:1,,0,1,外部连接,0.0,0.0,0.0
57,63,=A01+K1.H2-X1:11:4,=A02+K1.B1-A5:1,,0,1,外部连接,0.0,0.0,0.0
58,64,=A01+K1.H2-X1:11:3,=A02+K1.H2-Q1:T1,,0,1,外部连接,0.0,0.0,0.0
59,65,=A02+K1.H2-Q1:T1,=A02+K1.H1-G2:L1,,0,1,外部连接,0.0,0.0,0.0
60,66,=A01+K1.H2-X1:12:5,=A02+K1.B1-A5:2,,0,1,外部连接,0.0,0.0,0.0
61,67,=A01+K1.H2-X1:12:2,=A02+K1.H2-Q1:T2,,0,1,外部连接,0.0,0.0,0.0
62,68,=A02+K1.H2-Q1:T2,=A02+K1.H1-G2:L2,,0,1,外部连接,0.0,0.0,0.0
63,69,=A01+K1.H2-X1:13:4,=A02+K1.B1-A5:3,,0,1,外部连接,0.0,0.0,0.0
64,70,=A01+K1.H2-X1:13:3,=A02+K1.H2-Q1:T3,,0,1,外部连接,0.0,0.0,0.0
65,71,=A02+K1.H2-Q1:T3,=A02+K1.H1-G2:L3,,0,1,外部连接,0.0,0.0,0.0
66,72,=A01+K1.H2-X1:15:4,=A02+K1.B1-A5:4,,0,1,外部连接,0.0,0.0,0.0
67,73,=A01+K1.H2-X1:14:5,=A01+K1.H2-X1:15:3,,0,1,外部连接,0.0,0.0,0.0
68,74,=A01+K1.H2-X1:16:5,=A02+K1.B1-A5:5,,0,1,外部连接,0.0,0.0,0.0
69,75,=A01+K1.H2-T1:-L1i,=A01+K1.H2-X1:16:2,,0,1,外部连接,0.0,0.0,0.0
70,76,=A01+K1.H2-T1:-L1k,=A01+K1.H2-T1:-L2k,,0,1,外部连接,0.0,0.0,0.0
71,77,=A01+K1.H2-T1:-L2k,=A01+K1.H2-T1:-L3k,,0,1,外部连接,0.0,0.0,0.0
72,78,=A01+K1.H2-T1:-L3k,=A01+K1.H2-X1:19:3,,0,1,外部连接,0.0,0.0,0.0
73,79,=A01+K1.H2-X1:17:4,=A02+K1.B1-A5:6,,0,1,外部连接,0.0,0.0,0.0
74,80,=A01+K1.H2-T1:-L2i,=A01+K1.H2-X1:17:3,,0,1,外部连接,0.0,0.0,0.0
75,81,=A01+K1.H2-X1:18:5,=A02+K1.B1-A5:7,,0,1,外部连接,0.0,0.0,0.0
76,82,=A01+K1.H2-T1:-L3i,=A01+K1.H2-X1:18:2,,0,1,外部连接,0.0,0.0,0.0
77,83,=A01+K1.H2-X1:19:4,=A02+K1.B1-A5:8,,0,1,外部连接,0.0,0.0,0.0
78,84,=A01+K1.H2-K1:A2,=A02+K1.B1-W5(-P2):P2:1,,0,1,外部连接,0.0,0.0,0.0
79,85,=A02+K1.B1-K20:34,=A01+K1.H2-K1:A1,,0,1,外部连接,0.0,0.0,0.0
80,86,=A01+K1.H2-K1:A1,=A01+K1.H2-K1:13,,0,1,外部连接,0.0,0.0,0.0
81,87,=F01+K1.B1-K1:64,=A02+K1.B1-K20:33,,0,1,外部连接,0.0,0.0,0.0
82,88,=A02+K1.B1-W5(-P1):P1,=F01+K1.B1-K1:63,,0,1,外部连接,0.0,0.0,0.0
83,89,=A01+K1.H2-K2:A2,=A02+K1.B1-W5(-P2):P2:1,,0,1,外部连接,0.0,0.0,0.0
84,90,=A01+K1.H2-K1:14,=A01+K1.H2-K2:A1,,0,1,外部连接,0.0,0.0,0.0
85,91,=A01+K1.H2-K2:44,=Q15+K1.H2-F11:14,,0,1,外部连接,0.0,0.0,0.0
86,92,=A01+K1.H2-K2:44,=Q15+K1.H2-F12:13,,0,1,外部连接,0.0,0.0,0.0
87,93,=A01+K1.H2-K2:44,=Q15+K1.H2-F13:13,,0,1,外部连接,0.0,0.0,0.0
88,94,=A01+K1.H2-K2:44,=Q15+K1.H2-F14:14,,0,1,外部连接,0.0,0.0,0.0
89,95,=A01+K1.H2-K2:44,=Q01+K1.H2-Q1:13,,0,1,外部连接,0.0,0.0,0.0
90,96,=A01+K1.H2-K1:44,=A01+K1.H2-K2:43,,0,1,外部连接,0.0,0.0,0.0
91,97,=A02+K1.B1-W5(-P1):P1:1,=A01+K1.H2-K1:43,,0,1,外部连接,0.0,0.0,0.0
92,98,=A01+K1.B1-K3:A2,=A02+K1.B1-W5(-P2):P2:2,,0,1,外部连接,0.0,0.0,0.0
93,99,=A02+K1.B1-A1:1,=A01+K1.B1-K3:A1,,0,1,外部连接,0.0,0.0,0.0
94,100,=A01+K1.B1-K3:21,=A02+K1.B1-A3:15,,0,1,外部连接,0.0,0.0,0.0
95,101,=A01+K1.B1-W7(-P1):P1:2,=A01+K1.B1-K3:22,,0,1,外部连接,0.0,0.0,0.0
96,102,=A01+K1.H2-W0:L1,=A02+K1.H2-W1:1L1,,0,1,外部连接,0.0,0.0,0.0
97,103,=A01+K1.H2-W0:L2,=A02+K1.H2-W1:1L2,,0,1,外部连接,0.0,0.0,0.0
98,104,=A01+K1.H2-W0:L3,=A02+K1.H2-W1:1L3,,0,1,外部连接,0.0,0.0,0.0
99,105,=A01+K1.H2-K1:2,=A02+K1.H2-W2:2L1,,0,1,外部连接,0.0,0.0,0.0
100,106,=A01+K1.H2-W0:L1,=A01+K1.H2-K1:1,,0,1,外部连接,0.0,0.0,0.0
101,107,=A01+K1.H2-K1:4,=A02+K1.H2-W2:2L2,,0,1,外部连接,0.0,0.0,0.0
102,108,=A01+K1.H2-W0:L2,=A01+K1.H2-K1:3,,0,1,外部连接,0.0,0.0,0.0
103,109,=A01+K1.H2-K1:6,=A02+K1.H2-W2:2L3,,0,1,外部连接,0.0,0.0,0.0
104,110,=A01+K1.H2-W0:L3,=A01+K1.H2-K1:5,,0,1,外部连接,0.0,0.0,0.0
105,111,=A01+K1.H2-W0:L1,=A02+K1.H2-W3:3L1,,0,1,外部连接,0.0,0.0,0.0
106,112,=A01+K1.H2-W0:L2,=A02+K1.H2-W3:3L2,,0,1,外部连接,0.0,0.0,0.0
107,113,=A01+K1.H2-W0:L3,=A02+K1.H2-W3:3L3,,0,1,外部连接,0.0,0.0,0.0
108,114,=A01+K1.H2-K2:2,=A02+K1.H2-W4:1L1,,0,1,外部连接,0.0,0.0,0.0
109,115,=A01+K1.H2-W0:L1,=A01+K1.H2-K2:1,,0,1,外部连接,0.0,0.0,0.0
110,116,=A01+K1.H2-K2:4,=A02+K1.H2-W4:1L2,,0,1,外部连接,0.0,0.0,0.0
111,117,=A01+K1.H2-W0:L2,=A01+K1.H2-K2:3,,0,1,外部连接,0.0,0.0,0.0
112,118,=A01+K1.H2-K2:6,=A02+K1.H2-W4:1L3,,0,1,外部连接,0.0,0.0,0.0
113,119,=A01+K1.H2-W0:L3,=A01+K1.H2-K2:5,,0,1,外部连接,0.0,0.0,0.0
114,120,=A02+K1.H2-W2:2L3,=A02+K1.H2-W2.1:2L3,,0,1,外部连接,0.0,0.0,0.0
115,121,=A02+K1.H2-W2:2L2,=A02+K1.H2-W2.1:2L2,,0,1,外部连接,0.0,0.0,0.0
116,122,=A02+K1.H2-W2:2L1,=A02+K1.H2-W2.1:2L1,,0,1,外部连接,0.0,0.0,0.0
117,123,=A02+K1.H1-G2:+V,=A02+K1.B1-V1(0):1,,0,1,外部连接,0.0,0.0,0.0
118,124,=A02+K1.H2-Q1:L1,=A02+K1.H2-W1:1L1,,0,1,外部连接,0.0,0.0,0.0
119,125,=A02+K1.H2-W1:1L2,=A02+K1.H2-Q1:L2,,0,1,外部连接,0.0,0.0,0.0
120,126,=A02+K1.H2-W1:1L3,=A02+K1.H2-Q1:L3,,0,1,外部连接,0.0,0.0,0.0
121,127,=A02+K1.H1-G2:-V,=A02+K1.B1-W6(-P2):P2:1,,0,1,外部连接,0.0,0.0,0.0
122,128,=A02+K1.H2-X6:PE:2,=A02+K1.H1-G2:PE,,0,1,外部连接,0.0,0.0,0.0
123,129,=A02+K1.H1-G2:-V',=A02+K1.H2-X6:PE:1,,0,1,外部连接,0.0,0.0,0.0
124,130,=A02+K1.H2-F2:2,=A02+K1.B1-X200:L,,0,1,外部连接,0.0,0.0,0.0
125,131,=A01+K1.H2-W0:L1,=A02+K1.H2-F2:1,,0,1,外部连接,0.0,0.0,0.0
126,132,=A02+K1.H2-X5:2:1,=A02+K1.B1-X200:N,,0,1,外部连接,0.0,0.0,0.0
127,133,=A02+K1.H2-X6:4:1,=A02+K1.B1-X200:PE,,0,1,外部连接,0.0,0.0,0.0
128,134,=A02+K1.H1-K1:2,=A02+K1.A1-X21:L,,0,1,外部连接,0.0,0.0,0.0
129,135,=A02+K1.H1-K1:2,=A02+K1.H1-K1:4,,0,1,外部连接,0.0,0.0,0.0
130,136,=A02+K1.H1-K1:4,=A02+K1.H1-K1:6,,0,1,外部连接,0.0,0.0,0.0
131,137,=A02+K1.A1-X21:N,=A02+K1.H2-X22:N,,0,1,外部连接,0.0,0.0,0.0
132,138,=A02+K1.H2-X22:N,=A02+K1.H2-F3.1:4/3,,0,1,外部连接,0.0,0.0,0.0
133,139,=A02+K1.H2-X6:PE:2,=A02+K1.A1-X21:PE,,0,1,外部连接,0.0,0.0,0.0
134,140,=A02+K1.H1-K1:3,=A02+K1.H1-K1:5,,0,1,外部连接,0.0,0.0,0.0
135,141,=A02+K1.H1-K1:1,=A02+K1.H1-K1:3,,0,1,外部连接,0.0,0.0,0.0
136,142,=A02+K1.H1-K1:1,=A02+K1.H2-F3.1:2/1,,0,1,外部连接,0.0,0.0,0.0
137,143,=A02+K1.H2-F3.1:2/1,=A02+K1.H2-X22:L,,0,1,外部连接,0.0,0.0,0.0
138,144,=A02+K1.H2-F3:2,=A02+K1.H2-F3.1:1/2,,0,1,外部连接,0.0,0.0,0.0
139,145,=A01+K1.H2-W0:L2,=A02+K1.H2-F3:1,,0,1,外部连接,0.0,0.0,0.0
140,146,=A02+K1.H2-X22:PE,=A02+K1.H2-X6:PE:2,,0,1,外部连接,0.0,0.0,0.0
141,147,=A02+K1.H2-F3.1:3/4,=A02+K1.H2-X5:N:1,,0,1,外部连接,0.0,0.0,0.0
142,148,=A02+K1.H1-K1:A2,=A02+K1.B1-W5(-P2):P2:1,,0,1,外部连接,0.0,0.0,0.0
143,149,=A02+K1.B1-A1:2,=A02+K1.H1-K1:A1,,0,1,外部连接,0.0,0.0,0.0
144,150,=A02+K1.E1-S1:14,=A02+K1.B1-X9:2:5,,0,1,外部连接,0.0,0.0,0.0
145,151,=A02+K1.B1-X9:1:4,=A02+K1.E1-S1:13,,0,1,外部连接,0.0,0.0,0.0
146,152,=A02+K1.H2-F4:2,=A02+K1.B1-X9:1:3,,0,1,外部连接,0.0,0.0,0.0
147,153,=A01+K1.H2-W0:L1,=A02+K1.H2-F4:1,,0,1,外部连接,0.0,0.0,0.0
148,154,=A02+K1.B1-X9:2:2,=A02+K1.B1-X9:3:3,,0,1,外部连接,0.0,0.0,0.0
149,155,=A02+K1.E1-S2:14,=A02+K1.B1-X9:4:5,,0,1,外部连接,0.0,0.0,0.0
150,156,=A02+K1.B1-X9:3:4,=A02+K1.E1-S2:13,,0,1,外部连接,0.0,0.0,0.0
151,157,=A02+K1.B1-X9:4:2,=A02+K1.B1-X9:5:3,,0,1,外部连接,0.0,0.0,0.0
152,158,=A02+K1.E1-S3:14,=A02+K1.B1-X9:6:5,,0,1,外部连接,0.0,0.0,0.0
153,159,=A02+K1.B1-X9:5:4,=A02+K1.E1-S3:13,,0,1,外部连接,0.0,0.0,0.0
154,160,=A02+K1.B1-X9:6:2,=A02+K1.B1-X9:7:3,,0,1,外部连接,0.0,0.0,0.0
155,161,=A02+K1.B1-X9:7:4,=A02+K1.A1-M1:X1:L1,,0,1,外部连接,0.0,0.0,0.0
156,162,=A02+K1.A1-M1:X1:N,=A02+K1.B1-X9:8:5,,0,1,外部连接,0.0,0.0,0.0
157,163,=A02+K1.A1-M1:X1:PE,=A02+K1.B1-X9:PE:1,,0,1,外部连接,0.0,0.0,0.0
158,164,=A02+K1.H2-X5:N:2,=A02+K1.B1-X9:8:2,,0,1,外部连接,0.0,0.0,0.0
164,170,=A02+K1.H2-X6:PE:2,=A02+K1.B1-X100:1:1,,0,1,外部连接,0.0,0.0,0.0
165,171,=A02+K1.H2-X6:PE:2,=A02+K1.B1-X100:2:1,,0,1,外部连接,0.0,0.0,0.0
166,172,=A02+K1.H2-X6:PE:2,=A02+K1.B1-X100:3:1,,0,1,外部连接,0.0,0.0,0.0
167,173,=A02+K1.H2-X6:PE:2,=A01+K1.I1-X1:1,,0,1,外部连接,0.0,0.0,0.0
169,175,=A02+K1.H2-W20:SE,=A02+K1.H1-W21:SE,,0,1,外部连接,0.0,0.0,0.0
170,176,=A02+K1.B1-W22:SE,=A02+K1.H1-W21:SE,,0,1,外部连接,0.0,0.0,0.0
171,177,=A02+K1.H1-W21:SE,=A02+K1.H1-W12:SE,,0,1,外部连接,0.0,0.0,0.0
172,178,=A02+K1.B1-W10:SE,=A02+K1.B1-W22:SE,,0,1,外部连接,0.0,0.0,0.0
173,179,=A02+K1.B1-W9:SE,=A02+K1.B1-W22:SE,,0,1,外部连接,0.0,0.0,0.0
174,180,=A02+K1.B1-W11:SE,=A02+K1.B1-W22:SE,,0,1,外部连接,0.0,0.0,0.0
176,182,=A02+K1.B1-W5(-P2):P2,=A02+K1.B1-X20-X20.1F:13,,0,1,外部连接,0.0,0.0,0.0
178,184,=A02+K1.B1-W5(-P2):P2,=A02+K1.B1-X20-X20.1F:14,,0,1,外部连接,0.0,0.0,0.0
180,186,=A02+K1.B1-W5(-P2):P2,=A02+K1.B1-X20-X20.1F:15,,0,1,外部连接,0.0,0.0,0.0
182,188,=A02+K1.B1-W5(-P2):P2,=A02+K1.B1-X20-X20.2F:4,,0,1,外部连接,0.0,0.0,0.0
184,190,=A02+K1.B1-W5(-P2):P2,=A02+K1.B1-X20-X20.2F:5,,0,1,外部连接,0.0,0.0,0.0
186,192,=A02+K1.B1-W5(-P2):P2,=A02+K1.B1-X20-X20.2F:6,,0,1,外部连接,0.0,0.0,0.0
188,194,=A02+K1.B1-A1:4,=A02+K1.B1-X20-X20.1F:9,,0,1,外部连接,0.0,0.0,0.0
190,196,=A02+K1.B1-A1:5,=A02+K1.B1-X20-X20.1F:10,,0,1,外部连接,0.0,0.0,0.0
191,197,=A02+K1.B1-X20-X20.2F:8,=A02+K1.B1-A3:4,,0,1,外部连接,0.0,0.0,0.0
194,200,=A02+K1.B1-W5(-P1):X1:3,=A02+K1.B1-X20-X20.2F:7,,0,1,外部连接,0.0,0.0,0.0
195,201,=A02+K1.B1-X20-X20.2F:10,=A02+K1.B1-A3:5,,0,1,外部连接,0.0,0.0,0.0
198,204,=A02+K1.B1-W5(-P1):X1:3,=A02+K1.B1-X20-X20.2F:9,,0,1,外部连接,0.0,0.0,0.0
200,206,=A02+K1.B1-A1:6,=A02+K1.B1-X20-X20.1F:11,,0,1,外部连接,0.0,0.0,0.0
202,208,=A02+K1.B1-A1:7,=A02+K1.B1-X20-X20.1F:12,,0,1,外部连接,0.0,0.0,0.0
203,209,=A02+K1.B1-X20-X20.2F:12,=A02+K1.B1-A3:6,,0,1,外部连接,0.0,0.0,0.0
206,212,=A02+K1.B1-W5(-P1):X1:3,=A02+K1.B1-X20-X20.2F:11,,0,1,外部连接,0.0,0.0,0.0
207,213,=A02+K1.B1-X20-X20.2F:14,=A02+K1.B1-A3:7,,0,1,外部连接,0.0,0.0,0.0
210,216,=A02+K1.B1-W5(-P1):X1:3,=A02+K1.B1-X20-X20.2F:13,,0,1,外部连接,0.0,0.0,0.0
212,218,=A02+K1.B1-A1:8,=A02+K1.B1-X20-X20.1F:16,,0,1,外部连接,0.0,0.0,0.0
214,220,=A02+K1.B1-A1:9,=A02+K1.B1-X20-X20.1F:17,,0,1,外部连接,0.0,0.0,0.0
216,222,=A02+K1.B1-A1:10,=A02+K1.B1-X20-X20.1F:18,,0,1,外部连接,0.0,0.0,0.0
218,224,=A02+K1.B1-A1:11,=A02+K1.B1-X20-X20.1F:19,,0,1,外部连接,0.0,0.0,0.0
220,226,=A02+K1.B1-A1:12,=A02+K1.B1-X20-X20.1F:20,,0,1,外部连接,0.0,0.0,0.0
222,228,=A02+K1.B1-A1:13,=A02+K1.B1-X20-X20.1F:21,,0,1,外部连接,0.0,0.0,0.0
224,230,=A02+K1.B1-A1:14,=A02+K1.B1-X20-X20.1F:22,,0,1,外部连接,0.0,0.0,0.0
226,232,=A02+K1.B1-A1:15,=A02+K1.B1-X20-X20.1F:23,,0,1,外部连接,0.0,0.0,0.0
228,234,=A02+K1.B1-A1:16,=A02+K1.B1-X20-X20.1F:24,,0,1,外部连接,0.0,0.0,0.0
230,236,=A02+K1.B1-A2:1,=A02+K1.B1-X20-X20.2F:1,,0,1,外部连接,0.0,0.0,0.0
232,238,=A02+K1.B1-A2:2,=A02+K1.B1-X20-X20.2F:2,,0,1,外部连接,0.0,0.0,0.0
234,240,=A02+K1.B1-A2:3,=A02+K1.B1-X20-X20.2F:3,,0,1,外部连接,0.0,0.0,0.0
236,242,=A02+K1.B1-A2:4,=A02+K1.B1-X20-X20.2F:15,,0,1,外部连接,0.0,0.0,0.0
237,243,=A02+K1.B1-X20-X20.2F:16,=A02+K1.B1-A3:8,,0,1,外部连接,0.0,0.0,0.0
239,245,=A02+K1.B1-A4:1,=A02+K1.B1-X20-X20.3F:1,,0,1,外部连接,0.0,0.0,0.0
242,248,=A02+K1.B1-X20-X20.3F:2,=A02+K1.B1-A4:2,,0,1,外部连接,0.0,0.0,0.0
243,249,=A02+K1.B1-A4:5,=A02+K1.B1-X20-X20.3F:3,,0,1,外部连接,0.0,0.0,0.0
246,252,=A02+K1.B1-X20-X20.3F:4,=A02+K1.B1-A4:6,,0,1,外部连接,0.0,0.0,0.0
247,253,=A02+K1.B1-X21-X21.2M:11,=A02+K1.B1-X21-X21.2M:12,,0,1,外部连接,0.0,0.0,0.0
248,254,=A02+K1.B1-W5(-P1):P1,=A02+K1.B1-X21-X21.2M:12,,0,1,外部连接,0.0,0.0,0.0
253,259,=A02+K1.B1-X21-X21.2M:13,=A02+K1.B1-X21-X21.2M:16,,0,1,外部连接,0.0,0.0,0.0
256,262,=A02+K1.B1-X21-X21.2M:14,=A02+K1.B1-X21-X21.2M:15,,0,1,外部连接,0.0,0.0,0.0
257,263,=A02+K1.B1-X21-X21.2M:15,=A02+K1.B1-K21.1:72,,0,1,外部连接,0.0,0.0,0.0
265,271,=A02+K1.B1-X21-X21.2M:17,=A02+K1.B1-W5(-P2):P2,,0,1,外部连接,0.0,0.0,0.0
268,274,=A02+K1.B1-K21.1:71,=A02+K1.B1-X21-X21.2M:18,,0,1,外部连接,0.0,0.0,0.0
270,276,=A02+K1.B1-X21-X21.2M:19,=A02+K1.B1-W5(-P2):P2,,0,1,外部连接,0.0,0.0,0.0
272,278,=A02+K1.B1-W5(-P2):P2:2,=A02+K1.B1-K19:A2,,0,1,外部连接,0.0,0.0,0.0
273,279,=A02+K1.B1-W5(-P1):P1:1,=A02+K1.B1-K19:A1,,0,1,外部连接,0.0,0.0,0.0
274,280,=A02+K1.B1-X20-X20.2F:17,=A02+K1.B1-K19:S11,,0,1,外部连接,0.0,0.0,0.0
277,283,=A02+K1.B1-X20-X20.2F:18,=A02+K1.B1-K19:S21,,0,1,外部连接,0.0,0.0,0.0
280,286,=A02+K1.B1-X20-X20.2F:19,=A02+K1.B1-X20-X20.2F:22,,0,1,外部连接,0.0,0.0,0.0
281,287,=A02+K1.B1-X20-X20.2F:20,=A02+K1.B1-X20-X20.2F:21,,0,1,外部连接,0.0,0.0,0.0
282,288,=A02+K1.B1-K21.1:12,=A02+K1.B1-K22:43,,0,1,外部连接,0.0,0.0,0.0
283,289,=A02+K1.B1-K21:12,=A02+K1.B1-K21.1:11,,0,1,外部连接,0.0,0.0,0.0
284,290,=A02+K1.B1-K21:11,=A02+K1.B1-K20:12,,0,1,外部连接,0.0,0.0,0.0
285,291,=A02+K1.B1-K19:S34,=A02+K1.B1-K20:11,,0,1,外部连接,0.0,0.0,0.0
290,296,=A02+K1.B1-X20-X20.2F:23,=A02+K1.B1-K19:S22,,0,1,外部连接,0.0,0.0,0.0
291,297,=A02+K1.B1-X20-X20.2F:24,=A02+K1.B1-K19:S12,,0,1,外部连接,0.0,0.0,0.0
292,298,=F01+K1.B1-K1:12,=A02+K1.B1-X9:12:5,,0,1,外部连接,0.0,0.0,0.0
293,299,=F01+K1.B1-K1:11,=A02+K1.B1-K22:44,,0,1,外部连接,0.0,0.0,0.0
294,300,=A02+K1.G2-S2:.4,=A02+K1.B1-X9:12:2,,0,1,外部连接,0.0,0.0,0.0
295,301,=A02+K1.B1-X9:11:4,=A02+K1.G2-S2:.3,,0,1,外部连接,0.0,0.0,0.0
296,302,=A02+K1.B1-X9:10:5,=A02+K1.B1-X9:11:3,,0,1,外部连接,0.0,0.0,0.0
297,303,=A02+K1.G2-S3:12,=A02+K1.B1-X9:10:2,,0,1,外部连接,0.0,0.0,0.0
298,304,=A02+K1.B1-X9:9:4,=A02+K1.G2-S3:11,,0,1,外部连接,0.0,0.0,0.0
299,305,=A02+K1.B1-W5(-P1):P1:1,=A02+K1.B1-X9:9:3,,0,1,外部连接,0.0,0.0,0.0
300,306,=A02+K1.B1-X9:16:5,=A02+K1.B1-W5(-P2):P2:1,,0,1,外部连接,0.0,0.0,0.0
301,307,=A02+K1.G2-S2:X2,=A02+K1.B1-X9:16:2,,0,1,外部连接,0.0,0.0,0.0
302,308,=A02+K1.B1-X9:15:4,=A02+K1.G2-S2:X1,,0,1,外部连接,0.0,0.0,0.0
303,309,=A02+K1.B1-K20:72,=A02+K1.B1-X9:15:3,,0,1,外部连接,0.0,0.0,0.0
304,310,=A02+K1.B1-X9:14:5,=A02+K1.B1-K20:71,,0,1,外部连接,0.0,0.0,0.0
305,311,=A02+K1.G2-S3:.4,=A02+K1.B1-X9:14:2,,0,1,外部连接,0.0,0.0,0.0
306,312,=A02+K1.B1-X9:13:4,=A02+K1.G2-S3:.3,,0,1,外部连接,0.0,0.0,0.0
307,313,=A02+K1.B1-W5(-P1):P1:2,=A02+K1.B1-X9:13:3,,0,1,外部连接,0.0,0.0,0.0
308,314,=A02+K1.B1-W5(-P2):P2:2,=A02+K1.B1-K20:A2,,0,1,外部连接,0.0,0.0,0.0
309,315,=A02+K1.B1-K20,=A02+K1.B1-K20,,0,1,外部连接,0.0,0.0,0.0
310,316,=A02+K1.B1-K19:14,=A02+K1.B1-K20:A11,,0,1,外部连接,0.0,0.0,0.0
311,317,=A02+K1.B1-K20:A11,=A02+K1.B1-K21:A11,,0,1,外部连接,0.0,0.0,0.0
312,318,=A02+K1.B1-K21:A11,=A02+K1.B1-K21.1:A11,,0,1,外部连接,0.0,0.0,0.0
313,319,=A02+K1.B1-W5(-P1):P1:1,=A02+K1.B1-K19:13,,0,1,外部连接,0.0,0.0,0.0
314,320,=A02+K1.B1-K19:24,=A02+K1.B1-K20:A12,,0,1,外部连接,0.0,0.0,0.0
315,321,=A02+K1.B1-K20:A12,=A02+K1.B1-K21:A12,,0,1,外部连接,0.0,0.0,0.0
316,322,=A02+K1.B1-K21:A12,=A02+K1.B1-K21.1:A12,,0,1,外部连接,0.0,0.0,0.0
317,323,=A02+K1.B1-A3:9,=A02+K1.B1-K21.1:A12,,0,1,外部连接,0.0,0.0,0.0
318,324,=A02+K1.B1-W5(-P1):P1:1,=A02+K1.B1-K19:23,,0,1,外部连接,0.0,0.0,0.0
319,325,=A02+K1.B1-K21:A2,=A02+K1.B1-W5(-P2):P2:1,,0,1,外部连接,0.0,0.0,0.0
320,326,=A02+K1.B1-K21,=A02+K1.B1-K21,,0,1,外部连接,0.0,0.0,0.0
321,327,=A02+K1.B1-K21.1:A2,=A02+K1.B1-W5(-P2):P2:1,,0,1,外部连接,0.0,0.0,0.0
322,328,=A02+K1.B1-K21.1,=A02+K1.B1-K21.1,,0,1,外部连接,0.0,0.0,0.0
323,329,=A02+K1.B1-W5(-P2):P2:2,=A02+K1.B1-K22:A2,,0,1,外部连接,0.0,0.0,0.0
324,330,=A02+K1.B1-K22,=A02+K1.B1-K22,,0,1,外部连接,0.0,0.0,0.0
325,331,=A01+K1.H2-K1:22,=A02+K1.B1-K22:A11,,0,1,外部连接,0.0,0.0,0.0
326,332,=A02+K1.B1-W5(-P1):P1,=A02+K1.B1-X20-X20.3F:15,,0,1,外部连接,0.0,0.0,0.0
327,333,=A01+K1.H2-K2:22,=A02+K1.B1-K22:A12,,0,1,外部连接,0.0,0.0,0.0
328,334,=A01+K1.H2-K1:21,=A01+K1.H2-K2:21,,0,1,外部连接,0.0,0.0,0.0
329,335,=A01+K1.H2-K1:21,=A02+K1.B1-X20-X20.3F:14,,0,1,外部连接,0.0,0.0,0.0
330,336,=A02+K1.B1-K22:54,=A02+K1.B1-A3:10,,0,1,外部连接,0.0,0.0,0.0
331,337,=A02+K1.B1-W5(-P1):P1:1,=A02+K1.B1-K22:53,,0,1,外部连接,0.0,0.0,0.0
332,338,=A02+K1.B1-X9:17:4,=A02+K1.G2-H1:0,,0,1,外部连接,0.0,0.0,0.0
333,339,=A02+K1.B1-W5(-P2):P2:1,=A02+K1.B1-X9:17:3,,0,1,外部连接,0.0,0.0,0.0
334,340,=A02+K1.B1-X9:18:5,=A02+K1.G2-H1:1,,0,1,外部连接,0.0,0.0,0.0
335,341,=A02+K1.B1-A2:5,=A02+K1.B1-X9:18:2,,0,1,外部连接,0.0,0.0,0.0
336,342,=A02+K1.B1-X9:19:4,=A02+K1.G2-H1:2,,0,1,外部连接,0.0,0.0,0.0
337,343,=A02+K1.B1-A2:6,=A02+K1.B1-X9:19:3,,0,1,外部连接,0.0,0.0,0.0
338,344,=A02+K1.B1-X9:20:5,=A02+K1.G2-H1:3,,0,1,外部连接,0.0,0.0,0.0
339,345,=A02+K1.B1-A2:7,=A02+K1.B1-X9:20:2,,0,1,外部连接,0.0,0.0,0.0
340,346,=A02+K1.B1-X9:21:4,=A02+K1.G2-H1:4,,0,1,外部连接,0.0,0.0,0.0
341,347,=A02+K1.B1-A2:8,=A02+K1.B1-X9:21:3,,0,1,外部连接,0.0,0.0,0.0
342,348,=A02+K1.B1-X9:PE:1,=A02+K1.G2-H1:PE,,0,1,外部连接,0.0,0.0,0.0
343,349,=A02+K1.B1-V1(0):1,=A02+K1.B1-V1:1.1,,0,1,外部连接,0.0,0.0,0.0
344,350,=A02+K1.B1-W6(-P2):P2:2,=A02+K1.B1-V1:3.1,,0,1,外部连接,0.0,0.0,0.0
345,351,=F01+K1.B1-V1:1.1,=A02+K1.B1-V1:1.1,,0,1,外部连接,0.0,0.0,0.0
346,352,=F01+K1.B1-V1:3.2,=A02+K1.B1-V1:3.2,,0,1,外部连接,0.0,0.0,0.0
347,353,=O01+K1.B1-V1:1.1,=F01+K1.B1-V1:1.1,,0,1,外部连接,0.0,0.0,0.0
348,354,=O01+K1.B1-V1:3.2,=F01+K1.B1-V1:3.2,,0,1,外部连接,0.0,0.0,0.0
349,355,=Q01+K1.B1-V1:1.1,=O01+K1.B1-V1:1.1,,0,1,外部连接,0.0,0.0,0.0
350,356,=Q01+K1.B1-V1:3.2,=O01+K1.B1-V1:3.2,,0,1,外部连接,0.0,0.0,0.0
351,357,=S02+K1.B1-V1:1.1,=Q15+K1.B1-V1:1.1,,0,1,外部连接,0.0,0.0,0.0
352,358,=S02+K1.B1-V1:1.1,=V01+K1.B1-V1:1.1,,0,1,外部连接,0.0,0.0,0.0
353,359,=S02+K1.B1-V1:3.2,=Q15+K1.B1-V1:3.2,,0,1,外部连接,0.0,0.0,0.0
354,360,=S02+K1.B1-V1:3.2,=V01+K1.B1-V1:3.2,,0,1,外部连接,0.0,0.0,0.0
355,361,=V01+K1.B1-V2:1.1,=V01+K1.B1-V1:1.1,,0,1,外部连接,0.0,0.0,0.0
356,362,=V01+K1.B1-V2:3.2,=V01+K1.B1-V1:3.2,,0,1,外部连接,0.0,0.0,0.0
357,363,=A02+K1.B1-V1:2.1,=A02+K1.B1-W5(-P1):X1:9,,0,1,外部连接,0.0,0.0,0.0
358,364,=A02+K1.B1-W5(-P2):P2:1,=A02+K1.B1-W6(-P2):P2:2,,0,1,外部连接,0.0,0.0,0.0
360,366,=F01+K1.B1-W5(-P1):X1:1,=A02+K1.B1-X20-X20.3F:5,,0,1,外部连接,0.0,0.0,0.0
362,368,=F01+K1.B1-W5(-P2):X1:1,=A02+K1.B1-X20-X20.3F:6,,0,1,外部连接,0.0,0.0,0.0
364,370,=F01+K1.B1-K1:34,=A02+K1.B1-X20-X20.3F:7,,0,1,外部连接,0.0,0.0,0.0
365,371,=F01+K1.B1-W5(-P1):X1:2,=F01+K1.B1-K1:33,,0,1,外部连接,0.0,0.0,0.0
369,375,=F01+K1.B1-W5(-P1):X1:3,=A02+K1.B1-X20-X20.3F:8,,0,1,外部连接,0.0,0.0,0.0
371,377,=F01+K1.B1-W5(-P2):X1:2,=A02+K1.B1-X20-X20.3F:9,,0,1,外部连接,0.0,0.0,0.0
373,379,=F01+K1.B1-K1:54,=A02+K1.B1-X20-X20.3F:10,,0,1,外部连接,0.0,0.0,0.0
374,380,=F01+K1.B1-W5(-P1):X1:4,=F01+K1.B1-K1:53,,0,1,外部连接,0.0,0.0,0.0
377,383,=V01+K1.B1-A3:13,=A02+K1.B1-X22-X22.3F:4,,0,1,外部连接,0.0,0.0,0.0
378,384,=A02+K1.B1-X22-X22.3F:4,=F01+K1.B1-K1:A11,,0,1,外部连接,0.0,0.0,0.0
379,385,=F01+K1.B1-K1:A2,=F01+K1.B1-W5(-P2):X1:4,,0,1,外部连接,0.0,0.0,0.0
380,386,=F01+K1.B1-K1,=F01+K1.B1-K1,,0,1,外部连接,0.0,0.0,0.0
381,387,=V01+K1.B1-A1:9,=A02+K1.B1-K21:33,,0,1,外部连接,0.0,0.0,0.0
382,389,=A02+K1.B1-X22-X22.2F:24,=F01+K1.B1-K1:A12,,0,1,外部连接,0.0,0.0,0.0
383,390,=V01+K1.B1-A3:14,=A02+K1.B1-X22-X22.2F:24,,0,1,外部连接,0.0,0.0,0.0
384,391,=A02+K1.B1-X20-X20.3F:13,=F01+K1.B1-W5(-P2):X1:5,,0,1,外部连接,0.0,0.0,0.0
387,394,=F01+K1.B1-K1:24,=A02+K1.B1-X20-X20.3F:11,,0,1,外部连接,0.0,0.0,0.0
388,395,=F01+K1.B1-W5(-P1):X1:7,=F01+K1.B1-K1:23,,0,1,外部连接,0.0,0.0,0.0
392,399,=F01+K1.B1-V1:2.1,=F01+K1.B1-W5(-P1):X1:9,,0,1,外部连接,0.0,0.0,0.0
393,400,=A02+K1.B1-W6(-P2):X1:3,=F01+K1.B1-W5(-P2):X1:9,,0,1,外部连接,0.0,0.0,0.0
395,402,=M01+K1.D2-X1:1,=M01+K1.D2-X1:1,,0,1,外部连接,0.0,0.0,0.0
396,403,=M01+K1.H1-Z1:L/L1,=M01+K1.H1-U1:L1,,0,1,外部连接,0.0,0.0,0.0
397,404,=M01+K1.H2-F2:2,=M01+K1.H1-Z1:L/L1,,0,1,外部连接,0.0,0.0,0.0
398,405,=A01+K1.H2-W0:L2,=M01+K1.H2-F2:1,,0,1,外部连接,0.0,0.0,0.0
399,406,=M01+K1.H1-Z1:N/L2,=M01+K1.H1-U1:N,,0,1,外部连接,0.0,0.0,0.0
400,407,=A02+K1.H2-X5:N:2,=M01+K1.H1-Z1:N/L2,,0,1,外部连接,0.0,0.0,0.0
401,408,=A02+K1.H2-X6:PE:2,=M01+K1.H1-Z1:PE,,0,1,外部连接,0.0,0.0,0.0
402,409,=M01+K1.H1-Z1:PE,=M01+K1.H1-U1:G,,0,1,外部连接,0.0,0.0,0.0
403,410,=M01+K1.H1-U1:P24,=M01+K1.H1-U1:PSC,,0,1,外部连接,0.0,0.0,0.0
405,413,=M01+K1.H1-U1:U/T1,=M01+K1.D2-X1:1,,0,1,外部连接,0.0,0.0,0.0
406,414,=M01+K1.D2-X1:2,=M01+K1.D2-X1:2,,0,1,外部连接,0.0,0.0,0.0
408,416,=M01+K1.H1-U1:V/T2,=M01+K1.D2-X1:2,,0,1,外部连接,0.0,0.0,0.0
409,417,=M01+K1.D2-X1:3,=M01+K1.D2-X1:3,,0,1,外部连接,0.0,0.0,0.0
411,419,=M01+K1.H1-U1:W/T3,=M01+K1.D2-X1:3,,0,1,外部连接,0.0,0.0,0.0
413,421,=M01+K1.D2-X1:PE,=M01+K1.D2-X1:PE,,0,1,外部连接,0.0,0.0,0.0
414,422,=M01+K1.H1-U1:G',=M01+K1.D2-X1:PE,,0,1,外部连接,0.0,0.0,0.0
416,424,=M01+K1.H1-U1:S5/TH,=A02+K1.B1-X20-X20.3F:16,,0,1,外部连接,0.0,0.0,0.0
418,426,=M01+K1.H1-U1:SC,=A02+K1.B1-X20-X20.3F:17,,0,1,外部连接,0.0,0.0,0.0
419,427,=A02+K1.B1-W5(-P1):X2:5,=A02+K1.B1-X20-X20.3F:18,,0,1,外部连接,0.0,0.0,0.0
422,430,=A02+K1.B1-A3:11,=A02+K1.B1-X20-X20.3F:19,,0,1,外部连接,0.0,0.0,0.0
424,432,=A02+K1.B1-X20-X20.3F:20,=A02+K1.B1-W5(-P2):X3:6,,0,1,外部连接,0.0,0.0,0.0
426,434,=A02+K1.B1-W5(-P2):X3:8,=A02+K1.B1-X20-X20.3F:21,,0,1,外部连接,0.0,0.0,0.0
428,436,=A02+K1.B1-K20:44,=A02+K1.B1-X20-X20.3F:22,,0,1,外部连接,0.0,0.0,0.0
429,437,=A02+K1.B1-K20:44,=M01+K1.B1-K10:41,,0,1,外部连接,0.0,0.0,0.0
430,438,=M01+K1.B1-K10:41,=M01+K1.B1-K11:41,,0,1,外部连接,0.0,0.0,0.0
431,439,=A02+K1.B1-A2:9,=A02+K1.B1-K20:43,,0,1,外部连接,0.0,0.0,0.0
432,440,=A02+K1.B1-W5(-P1):X2:7,=M01+K1.B1-K9:42,,0,1,外部连接,0.0,0.0,0.0
433,441,=M01+K1.B1-K9:41,=M01+K1.B1-K10:44,,0,1,外部连接,0.0,0.0,0.0
434,442,=M01+K1.B1-K10:44,=M01+K1.B1-K11:44,,0,1,外部连接,0.0,0.0,0.0
436,444,=A02+K1.B1-W5(-P2):X4:2,=A02+K1.B1-X20-X20.3F:23,,0,1,外部连接,0.0,0.0,0.0
438,446,=A02+K1.B1-A2:10,=A02+K1.B1-X20-X20.3F:24,,0,1,外部连接,0.0,0.0,0.0
439,447,=M01+K1.B1-K10:A2,=A02+K1.B1-W5(-P2):P2:2,,0,1,外部连接,0.0,0.0,0.0
440,448,=M01+K1.B1-K10:A1,=P01+K1.B1-X9:8:5,,0,1,外部连接,0.0,0.0,0.0
441,449,=M01+K1.B1-K11:A2,=A02+K1.B1-W5(-P2):P2:2,,0,1,外部连接,0.0,0.0,0.0
442,450,=M01+K1.B1-K11:A1,=P01+K1.B1-X9:9:4,,0,1,外部连接,0.0,0.0,0.0
443,451,=M01+K1.B1-K9:A2,=A02+K1.B1-W5(-P2):P2:2,,0,1,外部连接,0.0,0.0,0.0
444,452,=A02+K1.B1-K20:54,=M01+K1.B1-K9:A1,,0,1,外部连接,0.0,0.0,0.0
445,453,=A02+K1.B1-W5(-P1):X3:3,=A02+K1.B1-K20:53,,0,1,外部连接,0.0,0.0,0.0
446,454,=M01+K1.B1-K10:11,=M01+K1.H1-U1:S1,,0,1,外部连接,0.0,0.0,0.0
447,455,=M01+K1.B1-K10:14,=M01+K1.B1-K11:14,,0,1,外部连接,0.0,0.0,0.0
448,456,=M01+K1.B1-K11:14,=M01+K1.B1-K9:12,,0,1,外部连接,0.0,0.0,0.0
449,457,=M01+K1.B1-K9:12,=M01+K1.H1-U1:SC',,0,1,外部连接,0.0,0.0,0.0
450,458,=M01+K1.B1-K11:11,=M01+K1.H1-U1:S2,,0,1,外部连接,0.0,0.0,0.0
451,459,=M01+K1.B1-K9:11,=M01+K1.H1-U1:S6,,0,1,外部连接,0.0,0.0,0.0
452,460,=M01+K1.H1-U1:S6,=M01+K1.H1-U1:S7/EB,,0,1,外部连接,0.0,0.0,0.0
453,461,=O01+K1.B1-V2:3,=O01+K1.B1-W5(-P2):X1:1,,0,1,外部连接,0.0,0.0,0.0
454,462,=O01+K1.B1-A1:9,=O01+K1.B1-V2:1,,0,1,外部连接,0.0,0.0,0.0
455,463,=O01+K1.B1-V2:1,=O01+K1.B1-V2:21,,0,1,外部连接,0.0,0.0,0.0
456,464,=O01+K1.B1-W5(-P2):X1:2,=A02+K1.B1-X20-X20.4F:18,,0,1,外部连接,0.0,0.0,0.0
457,465,=O01+K1.B1-K4:14,=A02+K1.B1-X20-X20.4F:18,,0,1,外部连接,0.0,0.0,0.0
458,466,=O01+K1.B1-V2:2,=O01+K1.B1-K4:12,,0,1,外部连接,0.0,0.0,0.0
467,475,=O01+K1.B1-K4:11,=A02+K1.B1-X20-X20.4F:17,,0,1,外部连接,0.0,0.0,0.0
470,478,=O01+K1.B1-K1:0,=O01+K1.B1-W5(-P2):X1:3,,0,1,外部连接,0.0,0.0,0.0
471,479,=O01+K1.B1-K4:A2,=O01+K1.B1-K1:A,,0,1,外部连接,0.0,0.0,0.0
478,486,=O01+K1.B1-W5(-P1):X1:2,=A02+K1.B1-X20-X20.4F:21,,0,1,外部连接,0.0,0.0,0.0
481,489,=O01+K1.B1-A1:2,=A02+K1.B1-X20-X20.4F:22,,0,1,外部连接,0.0,0.0,0.0
483,491,=O01+K1.B1-K1:A2,=O01+K1.B1-W5(-P2):X1:4,,0,1,外部连接,0.0,0.0,0.0
484,492,=O01+K1.B1-A1:16,=O01+K1.B1-K1:A1,,0,1,外部连接,0.0,0.0,0.0
486,497,=O01+K1.B1-K4:A1,=O01+K1.B1-A1:1,,0,1,外部连接,0.0,0.0,0.0
487,498,=O01+K1.B1-A1:1,=A02+K1.B1-X20-X20.4F:20,,0,1,外部连接,0.0,0.0,0.0
488,499,=O01+K1.B1-K1:+,=A02+K1.B1-X20-X20.4F:19,,0,1,外部连接,0.0,0.0,0.0
489,500,=O01+K1.B1-W5(-P1):X1:1,=A02+K1.B1-X20-X20.4F:19,,0,1,外部连接,0.0,0.0,0.0
490,501,=O01+K1.B1-A1:5,=A02+K1.B1-X21-X21.1F:23,,0,1,外部连接,0.0,0.0,0.0
491,502,=A02+K1.B1-X21-X21.1F:23,=Q01+K1.B1-A4:6,,0,1,外部连接,0.0,0.0,0.0
492,503,=O01+K1.B1-V1:2.1,=O01+K1.B1-W5(-P1):X1:9,,0,1,外部连接,0.0,0.0,0.0
493,504,=A02+K1.B1-W6(-P2):X1:4,=O01+K1.B1-W5(-P2):X1:9,,0,1,外部连接,0.0,0.0,0.0
494,505,=O01+K1.B1-A2:2,=O01+K1.B1-W5(-P1):X1:6,,0,1,外部连接,0.0,0.0,0.0
495,506,=O01+K1.B1-A2:7,=O01+K1.B1-W5(-P2):X1:8,,0,1,外部连接,0.0,0.0,0.0
496,507,=P01+K1.G1-E1:X3:L,=O02+K1.G1-D2:L,,0,1,外部连接,0.0,0.0,0.0
497,508,=P01+K1.G1-E1:X3:N,=O02+K1.G1-D2:N,,0,1,外部连接,0.0,0.0,0.0
498,509,=P01+K1.G1-E1:X3:PE,=O02+K1.G1-D2:PE,,0,1,外部连接,0.0,0.0,0.0
499,510,=O02+K1.G1-D2:RJ45,=P01+K1.B1-A0.10:3:3,,0,1,外部连接,0.0,0.0,0.0
500,511,=O01+K1.B1-A1:3,=O02+K1.B1-X9:1:4,,0,1,外部连接,0.0,0.0,0.0
501,512,=O02+K1.G1-D2-X6:7,=O02+K1.B1-X9:1:3,,0,1,外部连接,0.0,0.0,0.0
502,513,=O02+K1.B1-X9:2:5,=O01+K1.B1-W5(-P1):P1:2,,0,1,外部连接,0.0,0.0,0.0
503,514,=O02+K1.G1-D2-X6:8,=O02+K1.B1-X9:2:2,,0,1,外部连接,0.0,0.0,0.0
504,515,=O02+K1.B1-X9:3:4,=O01+K1.B1-W5(-P2):P2:2,,0,1,外部连接,0.0,0.0,0.0
505,516,=O02+K1.G1-D2-X6:9,=O02+K1.B1-X9:3:3,,0,1,外部连接,0.0,0.0,0.0
511,522,=O02+K1.G1-D2-X2:.1,=A02+K1.B1-X20-X20.5F:1,,0,1,外部连接,0.0,0.0,0.0
512,523,=O02+K1.G1-D2-X2:.2,=A02+K1.B1-X20-X20.5F:2,,0,1,外部连接,0.0,0.0,0.0
516,527,=O02+K1.G1-D2-X2:.6,=A02+K1.B1-X20-X20.5F:3,,0,1,外部连接,0.0,0.0,0.0
517,528,=O02+K1.G1-D2-X2:.7,=A02+K1.B1-X20-X20.5F:4,,0,1,外部连接,0.0,0.0,0.0
523,534,=O02+K1.G1-D2-X2:.4,=A02+K1.B1-X20-X20.5F:5,,0,1,外部连接,0.0,0.0,0.0
524,535,=O02+K1.G1-D2-X2:.5,=A02+K1.B1-X20-X20.5F:6,,0,1,外部连接,0.0,0.0,0.0
528,539,=O02+K1.G1-D2-X2:.8,=A02+K1.B1-X20-X20.5F:7,,0,1,外部连接,0.0,0.0,0.0
529,540,=O02+K1.G1-D2-X2:.9,=A02+K1.B1-X20-X20.5F:8,,0,1,外部连接,0.0,0.0,0.0
530,541,=O02+K1.B1-X9:4:5,=O01+K1.B1-W5(-P2):P2:2,,0,1,外部连接,0.0,0.0,0.0
531,542,=O02+K1.G1-D2-X5:1,=O02+K1.B1-X9:4:2,,0,1,外部连接,0.0,0.0,0.0
532,543,=O02+K1.B1-X9:4:2,=O02+K1.G1-D2-X5:2,,0,1,外部连接,0.0,0.0,0.0
533,544,=O02+K1.B1-X9:5:4,=O01+K1.B1-W5(-P1):P1:2,,0,1,外部连接,0.0,0.0,0.0
534,545,=O02+K1.G1-D2-X5:4,=O02+K1.B1-X9:5:3,,0,1,外部连接,0.0,0.0,0.0
535,546,=O02+K1.B1-X9:5:3,=O02+K1.G1-D2-X5:5,,0,1,外部连接,0.0,0.0,0.0
538,549,=O02+K1.G1-D2:X4.4,=O02+K1.H1-A20-X4:3,,0,1,外部连接,0.0,0.0,0.0
539,550,=O02+K1.G1-D2:X4.3,=O02+K1.H1-A20-X4:1,,0,1,外部连接,0.0,0.0,0.0
540,551,=O02+K1.G1-D2:X4.5,=O02+K1.H1-A20-X4:7,,0,1,外部连接,0.0,0.0,0.0
541,552,=O02+K1.G1-D2:X4.1,=O02+K1.H1-A20-X4:5,,0,1,外部连接,0.0,0.0,0.0
543,554,=O02+K1.H1-A20-X1:2,=O01+K1.B1-W5(-P1):P1:2,,0,1,外部连接,0.0,0.0,0.0
544,555,=O02+K1.H1-A20-X1:4,=O02+K1.B1-O01-W5(-P2):P2:2,,0,1,外部连接,0.0,0.0,0.0
547,558,=A02+K1.B1-X20-X20.5F:9,=O02+K1.H1-A20-X2:3,,0,1,外部连接,0.0,0.0,0.0
549,560,=A02+K1.B1-X20-X20.5F:10,=O02+K1.H1-A20-X2:2,,0,1,外部连接,0.0,0.0,0.0
551,562,=A02+K1.B1-X20-X20.5F:11,=O02+K1.H1-A20-X2:1,,0,1,外部连接,0.0,0.0,0.0
553,564,=A02+K1.B1-X20-X20.5F:12,=O02+K1.H1-A20-X2:9,,0,1,外部连接,0.0,0.0,0.0
555,566,=A02+K1.B1-X20-X20.5F:13,=O02+K1.H1-A20-X2:7,,0,1,外部连接,0.0,0.0,0.0
557,568,=A02+K1.B1-X20-X20.5F:14,=O02+K1.H1-A20-X2:6,,0,1,外部连接,0.0,0.0,0.0
559,570,=A02+K1.B1-X20-X20.5F:15,=O02+K1.H1-A20-X2:4,,0,1,外部连接,0.0,0.0,0.0
561,572,=A02+K1.B1-X20-X20.5F:16,=O02+K1.H1-A20-X2:5,,0,1,外部连接,0.0,0.0,0.0
566,577,=O01+K1.B1-A1:10,=A02+K1.B1-X20-X20.1F:7,,0,1,外部连接,0.0,0.0,0.0
568,579,=O01+K1.B1-A1:11,=A02+K1.B1-X20-X20.1F:8,,0,1,外部连接,0.0,0.0,0.0
569,580,=O02+K1.H1-A20-X3:5,=O01+K1.B1-W5(-P2):P2:1,,0,1,外部连接,0.0,0.0,0.0
570,581,=O02+K1.H1-A20-X3:3,=O01+K1.B1-A2:1,,0,1,外部连接,0.0,0.0,0.0
571,582,=O02+K1.H1-A20-X3:1,=O01+K1.B1-A2:5,,0,1,外部连接,0.0,0.0,0.0
572,583,=O02+K1.H1-A20-X3:7,=O01+K1.B1-A2:4,,0,1,外部连接,0.0,0.0,0.0
573,584,=P01+K1.G1-D1:L,=P01+K1.G1-E1:X1:L,,0,1,外部连接,0.0,0.0,0.0
574,585,=P01+K1.G1-E1:X0:L,=A01+K1.B1-X20:L,,0,1,外部连接,0.0,0.0,0.0
575,586,=P01+K1.G1-D1:N,=P01+K1.G1-E1:X1:N,,0,1,外部连接,0.0,0.0,0.0
576,587,=P01+K1.G1-E1:X0:N,=A01+K1.B1-X20:N,,0,1,外部连接,0.0,0.0,0.0
577,588,=P01+K1.G1-D1:PE,=P01+K1.G1-E1:X1:PE,,0,1,外部连接,0.0,0.0,0.0
578,589,=P01+K1.G1-E1:X0:PE,=A01+K1.B1-X20:PE,,0,1,外部连接,0.0,0.0,0.0
579,590,=P01+K1.G1-D1:USB1,=P01+K1.G1-E1:USB,,0,1,外部连接,0.0,0.0,0.0
580,591,=P01+K1.G1-D1:USB3,=P01+K1.G2-X1,,0,1,外部连接,0.0,0.0,0.0
581,592,=P01+K1.G2-X1:USB A,=P01+K1.G2-X1,,0,1,外部连接,0.0,0.0,0.0
582,593,=P01+K1.G1-D1:MOUSE,=P01+K1.G2-X2,,0,1,外部连接,0.0,0.0,0.0
583,594,=P01+K1.G2-X2:USB A,=P01+K1.G2-X2,,0,1,外部连接,0.0,0.0,0.0
584,595,=P01+K1.G2-P1:L,=P01+K1.G1-E1:X2:L,,0,1,外部连接,0.0,0.0,0.0
585,596,=P01+K1.G2-P1:N,=P01+K1.G1-E1:X2:N,,0,1,外部连接,0.0,0.0,0.0
586,597,=P01+K1.G2-P1:PE,=P01+K1.G1-E1:X2:PE,,0,1,外部连接,0.0,0.0,0.0
588,599,=P01+K1.G1-D1:RJ45,=P01+K1.B1-A0.10:1:1,,0,1,外部连接,0.0,0.0,0.0
589,600,=A02+K1.A1-X21:Ethernet,=P01+K1.G1-D1:RJ45,,0,1,外部连接,0.0,0.0,0.0
590,601,=P01+K1.B1-X9:1:4,=P01+K1.H1-D2:+,,0,1,外部连接,0.0,0.0,0.0
591,602,=P01+K1.B1-V1:2.1,=P01+K1.B1-X9:1:3,,0,1,外部连接,0.0,0.0,0.0
592,603,=A01+K1.B1-W7(-P1):P1:2,=P01+K1.B1-V1:1.1,,0,1,外部连接,0.0,0.0,0.0
593,604,=P01+K1.B1-X9:PE:1,=P01+K1.H1-D2:GND,,0,1,外部连接,0.0,0.0,0.0
594,605,=P01+K1.B1-X9:2:5,=P01+K1.H1-D2:-,,0,1,外部连接,0.0,0.0,0.0
595,606,=P01+K1.B1-X9:2:2,=A01+K1.B1-W7(-P2):P2:2,,0,1,外部连接,0.0,0.0,0.0
596,607,=A01+K1.B1-W7(-P2):P2:2,=P01+K1.B1-V1:3.1,,0,1,外部连接,0.0,0.0,0.0
597,608,=P01+K1.H1-D2-LAN-A,=P01+K1.G1-D1:RJ45,,0,1,外部连接,0.0,0.0,0.0
598,609,=A01+K1.B1-W7(-P1):P1:1,=P01+K1.B1-A0.10:US:1,,0,1,外部连接,0.0,0.0,0.0
599,610,=P01+K1.B1-A0.10:US:2,=A01+K1.B1-W7(-P2):P2:1,,0,1,外部连接,0.0,0.0,0.0
600,611,=P01+K1.B1-A0.10:2:2,=P01+K1.H1-D2-LAN-A,,0,1,外部连接,0.0,0.0,0.0
601,612,=A02+K1.H2-X6:PE:2,=P01+K1.B1-A0.10:US:3,,0,1,外部连接,0.0,0.0,0.0
602,613,=P01+K1.B1-A0.0:1,=A02+K1.B1-W5(-P1):X3:5,,0,1,外部连接,0.0,0.0,0.0
603,614,=P01+K1.B1-A0.0:5,=A02+K1.B1-W5(-P2):X4:7,,0,1,外部连接,0.0,0.0,0.0
604,615,=P01+K1.B1-A0.0:2,=A02+K1.B1-W5(-P1):X3:6,,0,1,外部连接,0.0,0.0,0.0
605,616,=P01+K1.B1-A0.0:7,=A02+K1.B1-W5(-P2):X4:8,,0,1,外部连接,0.0,0.0,0.0
606,617,=P01+K1.B1-A0.0:EtherCAT IN,=P01+K1.H1-D2-LAN-A,,0,1,外部连接,0.0,0.0,0.0
607,618,=P01+K1.B1-A0:EtherCAT IN,=P01+K1.B1-A0.0:EtherCAT OUT,,0,1,外部连接,0.0,0.0,0.0
609,620,=F01+K1.D2-X11:1,=F01+K1.D2-X11:1,,0,1,外部连接,0.0,0.0,0.0
610,621,=F01+K1.D2-X11:1,=P01+K1.B1-A0.2:EtherCAT X2,,0,1,外部连接,0.0,0.0,0.0
611,622,=M01+K1.H1-U1:IN:1-8,=P01+K1.B1-A0.2:EtherCAT X1,,0,1,外部连接,0.0,0.0,0.0
613,624,=P01+K1.B1-A0:1,=A01+K1.B1-W7(-P1):X3:5,,0,1,外部连接,0.0,0.0,0.0
614,625,=P01+K1.B1-A0:5,=A01+K1.B1-W7(-P2):X4:7,,0,1,外部连接,0.0,0.0,0.0
615,626,=P01+K1.B1-A0:2,=A02+K1.B1-W5(-P1):X3:6,,0,1,外部连接,0.0,0.0,0.0
616,627,=P01+K1.B1-A0:7,=A02+K1.B1-W5(-P2):X4:8,,0,1,外部连接,0.0,0.0,0.0
617,628,=P01+K1.B1-X9:3:4,=A02+K1.B1-W5(-P1):P1,,0,1,外部连接,0.0,0.0,0.0
618,629,=P01+K1.B1-X9:4:5,=Q01+K1.B1-X9:33:4,,0,1,外部连接,0.0,0.0,0.0
619,630,=P01+K1.B1-X9:5:4,=Q01+K1.B1-X9:41:4,,0,1,外部连接,0.0,0.0,0.0
620,631,=P01+K1.B1-X9:7:4,=A02+K1.B1-K21:71,,0,1,外部连接,0.0,0.0,0.0
634,645,=A02+K1.B1-K21:72,=A02+K1.B1-A3:12,,0,1,外部连接,0.0,0.0,0.0
636,647,=Q01+K1.B1-X20:1:2,=Q01+K1.G1-G1:A,,0,1,外部连接,0.0,0.0,0.0
637,648,=Q01+K1.H2-Q1:T1,=Q01+K1.B1-X20:1:1,,0,1,外部连接,0.0,0.0,0.0
638,649,=A02+K1.H2-W2:2L1,=Q01+K1.H2-Q1:L1,,0,1,外部连接,0.0,0.0,0.0
639,650,=Q01+K1.B1-X20:2:2,=Q01+K1.G1-G1:B,,0,1,外部连接,0.0,0.0,0.0
640,651,=Q01+K1.H2-Q1:T2,=Q01+K1.B1-X20:2:1,,0,1,外部连接,0.0,0.0,0.0
641,652,=A02+K1.H2-W2:2L2,=Q01+K1.H2-Q1:L2,,0,1,外部连接,0.0,0.0,0.0
642,653,=Q01+K1.B1-X20:3:2,=Q01+K1.G1-G1:C,,0,1,外部连接,0.0,0.0,0.0
643,654,=Q01+K1.H2-Q1:T3,=Q01+K1.B1-X20:3:1,,0,1,外部连接,0.0,0.0,0.0
644,655,=A02+K1.H2-W2:2L3,=Q01+K1.H2-Q1:L3,,0,1,外部连接,0.0,0.0,0.0
645,656,=Q01+K1.B1-X20:PE:1,=Q01+K1.G1-G1:PE,,0,1,外部连接,0.0,0.0,0.0
646,657,=A02+K1.H2-X6:3:2,=Q01+K1.B1-X20:PE:2,,0,1,外部连接,0.0,0.0,0.0
656,667,=Q01+K1.H2-Q1:14,=Q01+K1.B1-A1:1,,0,1,外部连接,0.0,0.0,0.0
658,669,=Q01+K1.B1-X9:1:4,=Q01+K1.G1-G1:J2.1,,0,1,外部连接,0.0,0.0,0.0
659,670,=Q01+K1.B1-X9:1:3,=Q01+K1.B1-X9:2:2,,0,1,外部连接,0.0,0.0,0.0
660,671,=Q01+K1.B1-X9:2:5,=Q01+K1.G1-G1:J2.2,,0,1,外部连接,0.0,0.0,0.0
661,672,=Q01+K1.G1-G1:J3.CASE,=A02+K1.B1-W11:SE,,0,1,外部连接,0.0,0.0,0.0
662,673,=Q01+K1.B1-A10:7,=Q01+K1.G1-G1:J3.1,,0,1,外部连接,0.0,0.0,0.0
663,674,=Q01+K1.B1-A10:8,=Q01+K1.G1-G1:J3.2,,0,1,外部连接,0.0,0.0,0.0
664,675,=Q01+K1.B1-A11:3,=Q01+K1.G1-G1:J3.5,,0,1,外部连接,0.0,0.0,0.0
665,676,=Q01+K1.B1-A11:4,=Q01+K1.G1-G1:J3.6,,0,1,外部连接,0.0,0.0,0.0
666,677,=Q01+K1.B1-A11:7,=Q01+K1.G1-G1:J3.7,,0,1,外部连接,0.0,0.0,0.0
667,678,=Q01+K1.B1-A11:8,=Q01+K1.G1-G1:J3.9,,0,1,外部连接,0.0,0.0,0.0
668,679,=Q01+K1.B1-W5(-P2):P2:1,=Q01+K1.B1-X9:4:5,,0,1,外部连接,0.0,0.0,0.0
669,680,=Q01+K1.G1-G1:J4.CASE,=A02+K1.B1-W9:SE,,0,1,外部连接,0.0,0.0,0.0
670,681,=Q01+K1.B1-X9:3:4,=Q01+K1.B1-A1:9,,0,1,外部连接,0.0,0.0,0.0
671,682,=Q01+K1.G1-G1:J4.1,=Q01+K1.B1-X9:3:3,,0,1,外部连接,0.0,0.0,0.0
672,683,=Q01+K1.G1-G1:J4.2,=Q01+K1.B1-X9:4:2,,0,1,外部连接,0.0,0.0,0.0
673,684,=Q01+K1.B1-X9:5:4,=Q01+K1.B1-A1:2,,0,1,外部连接,0.0,0.0,0.0
674,685,=Q01+K1.G1-G1:J4.5,=Q01+K1.B1-X9:5:3,,0,1,外部连接,0.0,0.0,0.0
675,686,=Q01+K1.B1-X9:6:5,=Q01+K1.B1-W5(-P1):X1:1,,0,1,外部连接,0.0,0.0,0.0
676,687,=Q01+K1.G1-G1:J4.6,=Q01+K1.B1-X9:6:2,,0,1,外部连接,0.0,0.0,0.0
677,688,=Q01+K1.B1-X9:7:4,=Q01+K1.B1-A1:3,,0,1,外部连接,0.0,0.0,0.0
678,689,=Q01+K1.G1-G1:J4.7,=Q01+K1.B1-X9:7:3,,0,1,外部连接,0.0,0.0,0.0
679,690,=Q01+K1.B1-X9:8:5,=Q01+K1.B1-W5(-P1):X1:2,,0,1,外部连接,0.0,0.0,0.0
680,691,=Q01+K1.G1-G1:J4.8,=Q01+K1.B1-X9:8:2,,0,1,外部连接,0.0,0.0,0.0
681,692,=Q01+K1.B1-X9:9:4,=Q01+K1.B1-A1:4,,0,1,外部连接,0.0,0.0,0.0
682,693,=Q01+K1.G1-G1:J4.9,=Q01+K1.B1-X9:9:3,,0,1,外部连接,0.0,0.0,0.0
683,694,=Q01+K1.B1-X9:10:5,=Q01+K1.B1-W5(-P1):X1:3,,0,1,外部连接,0.0,0.0,0.0
684,695,=Q01+K1.G1-G1:J4.10,=Q01+K1.B1-X9:10:2,,0,1,外部连接,0.0,0.0,0.0
685,696,=Q01+K1.B1-X9:11:4,=Q01+K1.B1-A1:5,,0,1,外部连接,0.0,0.0,0.0
686,697,=Q01+K1.G1-G1:J4.11,=Q01+K1.B1-X9:11:3,,0,1,外部连接,0.0,0.0,0.0
687,698,=Q01+K1.B1-X9:12:5,=Q01+K1.B1-W5(-P1):X1:4,,0,1,外部连接,0.0,0.0,0.0
688,699,=Q01+K1.G1-G1:J4.12,=Q01+K1.B1-X9:12:2,,0,1,外部连接,0.0,0.0,0.0
689,700,=Q01+K1.B1-X9:13:4,=Q01+K1.B1-A1:6,,0,1,外部连接,0.0,0.0,0.0
690,701,=Q01+K1.G1-G1:J4.13,=Q01+K1.B1-X9:13:3,,0,1,外部连接,0.0,0.0,0.0
691,702,=Q01+K1.B1-X9:14:5,=Q01+K1.B1-W5(-P1):X1:5,,0,1,外部连接,0.0,0.0,0.0
692,703,=Q01+K1.G1-G1:J4.14,=Q01+K1.B1-X9:14:2,,0,1,外部连接,0.0,0.0,0.0
693,704,=Q01+K1.D2-X1:1,=Q01+K1.D2-X1:1,,0,1,外部连接,0.0,0.0,0.0
695,706,=Q01+K1.H2-Q2:T1,=Q01+K1.D2-X1:1,,0,1,外部连接,0.0,0.0,0.0
696,707,=A02+K1.H2-W3:3L1,=Q01+K1.H2-Q2:L1,,0,1,外部连接,0.0,0.0,0.0
697,708,=Q01+K1.D2-X1:2,=Q01+K1.D2-X1:2,,0,1,外部连接,0.0,0.0,0.0
699,710,=Q01+K1.H2-Q2:T2,=Q01+K1.D2-X1:2,,0,1,外部连接,0.0,0.0,0.0
700,711,=Q01+K1.H2-Q2:T2,=Q01+K1.D2-X2:2,,0,1,外部连接,0.0,0.0,0.0
701,712,=A02+K1.H2-W3:3L2,=Q01+K1.H2-Q2:L2,,0,1,外部连接,0.0,0.0,0.0
702,713,=Q01+K1.D2-X1:3,=Q01+K1.D2-X1:3,,0,1,外部连接,0.0,0.0,0.0
703,714,=Q01+K1.H2-Q2:T3,=Q01+K1.D2-X2:1,,0,1,外部连接,0.0,0.0,0.0
704,715,=A02+K1.H2-W3:3L3,=Q01+K1.H2-Q2:L3,,0,1,外部连接,0.0,0.0,0.0
706,717,=Q01+K1.D2-X1:PE,=Q01+K1.D2-X1:PE,,0,1,外部连接,0.0,0.0,0.0
707,718,=A02+K1.H2-X6:4:2,=Q01+K1.D2-X1:PE,,0,1,外部连接,0.0,0.0,0.0
712,723,=Q01+K1.H2-Q2:14,=Q01+K1.B1-A4:1,,0,1,外部连接,0.0,0.0,0.0
713,724,=Q01+K1.H2-Q2:14,=Q01+K1.B1-A7:1,,0,1,外部连接,0.0,0.0,0.0
714,725,=Q01+K1.B1-W5(-P1):P1:2,=Q01+K1.H2-Q2:13,,0,1,外部连接,0.0,0.0,0.0
717,728,=Q01+K1.B1-A4:9,=A02+K1.B1-X21-X21.1F:1,,0,1,外部连接,0.0,0.0,0.0
719,730,=A02+K1.B1-X21-X21.1F:2,=Q01+K1.B1-W5(-P2):P2:2,,0,1,外部连接,0.0,0.0,0.0
721,732,=Q01+K1.B1-A4:10,=A02+K1.B1-X21-X21.1F:3,,0,1,外部连接,0.0,0.0,0.0
723,734,=A02+K1.B1-X21-X21.1F:4,=Q01+K1.B1-W5(-P2):P2:2,,0,1,外部连接,0.0,0.0,0.0
725,736,=Q01+K1.B1-A4:11,=A02+K1.B1-X21-X21.1F:5,,0,1,外部连接,0.0,0.0,0.0
727,738,=A02+K1.B1-X21-X21.1F:6,=Q01+K1.B1-W5(-P2):P2:2,,0,1,外部连接,0.0,0.0,0.0
729,740,=Q01+K1.B1-A4:2,=A02+K1.B1-X21-X21.1F:7,,0,1,外部连接,0.0,0.0,0.0
731,742,=Q01+K1.B1-A4:3,=A02+K1.B1-X21-X21.1F:8,,0,1,外部连接,0.0,0.0,0.0
733,744,=A02+K1.B1-X21-X21.1F:9,=Q01+K1.B1-W5(-P1):P1,,0,1,外部连接,0.0,0.0,0.0
735,746,=Q01+K1.B1-A3:1,=A02+K1.B1-X21-X21.1F:10,,0,1,外部连接,0.0,0.0,0.0
737,748,=Q01+K1.B1-A3:2,=A02+K1.B1-X21-X21.1F:11,,0,1,外部连接,0.0,0.0,0.0
739,750,=Q01+K1.B1-A3:5,=A02+K1.B1-X21-X21.1F:12,,0,1,外部连接,0.0,0.0,0.0
741,752,=Q01+K1.B1-A3:6,=A02+K1.B1-X21-X21.1F:13,,0,1,外部连接,0.0,0.0,0.0
743,754,=Q01+K1.B1-A2:1,=A02+K1.B1-X21-X21.1F:14,,0,1,外部连接,0.0,0.0,0.0
745,756,=Q01+K1.B1-A2:2,=A02+K1.B1-X21-X21.1F:15,,0,1,外部连接,0.0,0.0,0.0
747,758,=Q01+K1.B1-A2:5,=A02+K1.B1-X21-X21.1F:16,,0,1,外部连接,0.0,0.0,0.0
749,760,=Q01+K1.B1-A2:6,=A02+K1.B1-X21-X21.1F:17,,0,1,外部连接,0.0,0.0,0.0
752,763,=Q01+K1.H1-G2:-,=Q01+K1.B1-X9:16:2,,0,1,外部连接,0.0,0.0,0.0
753,764,=Q01+K1.B1-X9:16:2,=Q01+K1.B1-X9:36:2,,0,1,外部连接,0.0,0.0,0.0
754,765,=Q01+K1.H2-Q3:T1,=Q01+K1.H1-G2:L1,,0,1,外部连接,0.0,0.0,0.0
755,766,=A02+K1.H2-W3:3L1,=Q01+K1.H2-Q3:L1,,0,1,外部连接,0.0,0.0,0.0
756,767,=Q01+K1.H1-G2:+,=Q01+K1.B1-X9:15:3,,0,1,外部连接,0.0,0.0,0.0
757,768,=Q01+K1.B1-X9:15:3,=Q01+K1.B1-X9:35:3,,0,1,外部连接,0.0,0.0,0.0
758,769,=Q01+K1.H2-Q3:T2,=Q01+K1.H1-G2:L2,,0,1,外部连接,0.0,0.0,0.0
759,770,=A02+K1.H2-W3:3L2,=Q01+K1.H2-Q3:L2,,0,1,外部连接,0.0,0.0,0.0
760,771,=Q01+K1.H2-Q3:T3,=Q01+K1.H1-G2:L3,,0,1,外部连接,0.0,0.0,0.0
761,772,=A02+K1.H2-W3:3L3,=Q01+K1.H2-Q3:L3,,0,1,外部连接,0.0,0.0,0.0
762,773,=Q01+K1.H1-G2:-,=A02+K1.H2-X6:PE:1,,0,1,外部连接,0.0,0.0,0.0
763,774,=Q01+K1.B1-X9:PE:1,=Q01+K1.H1-G2:PE,,0,1,外部连接,0.0,0.0,0.0
764,775,=Q01+K1.H2-Q3:14,=Q01+K1.B1-A4:4,,0,1,外部连接,0.0,0.0,0.0
765,776,=Q01+K1.H2-Q3:14,=Q01+K1.B1-A7:4,,0,1,外部连接,0.0,0.0,0.0
766,777,=Q01+K1.B1-W5(-P1):P1:1,=Q01+K1.H2-Q3:13,,0,1,外部连接,0.0,0.0,0.0
769,780,=Q01+K1.B1-X9:15:4,=Q01+K1.G1-N2:X0.+24V,,0,1,外部连接,0.0,0.0,0.0
771,782,=Q01+K1.B1-X9:16:5,=Q01+K1.G1-N2:X0.GND,,0,1,外部连接,0.0,0.0,0.0
773,784,=Q01+K1.B1-X9:PE:1,=Q01+K1.G1-N2:X0.PE,,0,1,外部连接,0.0,0.0,0.0
775,787,=Q01+K1.G1-N2:X3A.1,=A02+K1.B1-X21-X21.1F:18,,0,1,外部连接,0.0,0.0,0.0
776,788,=Q01+K1.G1-N2:X3A.2,=A02+K1.B1-X21-X21.1F:19,,0,1,外部连接,0.0,0.0,0.0
777,789,=Q01+K1.G1-N2:X3B.2,=A02+K1.B1-X21-X21.1F:20,,0,1,外部连接,0.0,0.0,0.0
778,790,=Q01+K1.G1-N2:X3B.1,=A02+K1.B1-X21-X21.1F:21,,0,1,外部连接,0.0,0.0,0.0
779,791,=Q01+K1.B1-A5:1,=Q01+K1.G1-N2:X1.9,,0,1,外部连接,0.0,0.0,0.0
780,792,=Q01+K1.B1-A5:3,=Q01+K1.G1-N2:X1.10,,0,1,外部连接,0.0,0.0,0.0
781,793,=Q01+K1.B1-A5:5,=Q01+K1.G1-N2:X1.11,,0,1,外部连接,0.0,0.0,0.0
782,794,=Q01+K1.B1-A5:7,=Q01+K1.G1-N2:X1.12,,0,1,外部连接,0.0,0.0,0.0
783,795,=A02+K1.B1-W11:SE,=Q01+K1.G1-N2:X1.CASE,,0,1,外部连接,0.0,0.0,0.0
784,796,=Q01+K1.B1-X9:17:4,=Q01+K1.G1-N2:X2.E+,,0,1,外部连接,0.0,0.0,0.0
785,797,=Q01+K1.B1-A4:12,=Q01+K1.B1-X9:17:3,,0,1,外部连接,0.0,0.0,0.0
786,798,=Q01+K1.B1-X9:18:5,=Q01+K1.G1-N2:X2.E-,,0,1,外部连接,0.0,0.0,0.0
787,799,=Q01+K1.B1-W5(-P2):P2:2,=Q01+K1.B1-X9:18:2,,0,1,外部连接,0.0,0.0,0.0
788,800,=Q01+K1.B1-X9:19:4,=Q01+K1.G1-N2:X2.NO,,0,1,内部触点常开,0.0,0.0,0.0
789,801,=Q01+K1.B1-A4:5,=Q01+K1.B1-X9:19:3,,0,1,外部连接,0.0,0.0,0.0
790,802,=Q01+K1.B1-X9:20:5,=Q01+K1.G1-N2:X2.COM,,0,1,外部连接,0.0,0.0,0.0
791,803,=Q01+K1.B1-W5(-P1):P1:1,=Q01+K1.B1-X9:20:2,,0,1,外部连接,0.0,0.0,0.0
793,806,=Q01+K1.B1-A13:1,=Q01+K1.B1-X9:21:4,,0,1,外部连接,0.0,0.0,0.0
794,807,=Q01+K1.G2-X1:2,=Q01+K1.B1-X9:21:3,,0,1,外部连接,0.0,0.0,0.0
795,808,=Q01+K1.B1-A13:4,=Q01+K1.B1-X9:22:5,,0,1,外部连接,0.0,0.0,0.0
796,809,=Q01+K1.G2-X1:3,=Q01+K1.B1-X9:22:2,,0,1,外部连接,0.0,0.0,0.0
797,810,=Q01+K1.B1-A13:5,=Q01+K1.B1-X9:23:4,,0,1,外部连接,0.0,0.0,0.0
798,811,=Q01+K1.G2-X1:4,=Q01+K1.B1-X9:23:3,,0,1,外部连接,0.0,0.0,0.0
799,812,=Q01+K1.B1-A13:8,=Q01+K1.B1-X9:24:5,,0,1,外部连接,0.0,0.0,0.0
800,813,=Q01+K1.G2-X1:5,=Q01+K1.B1-X9:24:2,,0,1,外部连接,0.0,0.0,0.0
801,814,=Q01+K1.B1-W5(-P1):P1:2,=Q01+K1.B1-X9:25:4,,0,1,外部连接,0.0,0.0,0.0
802,815,=Q01+K1.G2-X1:6,=Q01+K1.B1-X9:25:3,,0,1,外部连接,0.0,0.0,0.0
803,816,=Q01+K1.B1-X9:26:5,=A02+K1.B1-W11:SE,,0,1,外部连接,0.0,0.0,0.0
804,817,=Q01+K1.G2-X1:8,=Q01+K1.B1-X9:26:2,,0,1,外部连接,0.0,0.0,0.0
805,818,=Q01+K1.B1-X9:27:4,=Q01+K1.B1-X9:30:5,,0,1,外部连接,0.0,0.0,0.0
806,819,=Q01+K1.B1-X9:30:5,=Q01+K1.B1-G4:5,,0,1,外部连接,0.0,0.0,0.0
807,820,=Q01+K1.G2-X1:9,=Q01+K1.B1-X9:27:3,,0,1,外部连接,0.0,0.0,0.0
808,821,=Q01+K1.B1-X9:28:5,=Q01+K1.B1-A12:1,,0,1,外部连接,0.0,0.0,0.0
809,822,=Q01+K1.G2-X1:10,=Q01+K1.B1-X9:28:2,,0,1,外部连接,0.0,0.0,0.0
810,823,=Q01+K1.B1-X9:29:4,=Q01+K1.B1-A12:3,,0,1,外部连接,0.0,0.0,0.0
811,824,=Q01+K1.B1-X9:29:4,=Q01+K1.B1-X9:32:5,,0,1,外部连接,0.0,0.0,0.0
812,825,=Q01+K1.G2-X1:11,=Q01+K1.B1-X9:29:3,,0,1,外部连接,0.0,0.0,0.0
813,826,=Q01+K1.G2-X1:12,=Q01+K1.B1-X9:30:2,,0,1,外部连接,0.0,0.0,0.0
814,827,=Q01+K1.B1-X9:31:4,=Q01+K1.B1-A12:5,,0,1,外部连接,0.0,0.0,0.0
815,828,=Q01+K1.G2-X1:13,=Q01+K1.B1-X9:31:3,,0,1,外部连接,0.0,0.0,0.0
816,829,=Q01+K1.B1-X9:32:5,=Q01+K1.B1-G4:6,,0,1,外部连接,0.0,0.0,0.0
817,830,=Q01+K1.B1-X9:32:5,=Q01+K1.B1-A12:7,,0,1,外部连接,0.0,0.0,0.0
818,831,=Q01+K1.G2-X1:14,=Q01+K1.B1-X9:32:2,,0,1,外部连接,0.0,0.0,0.0
819,832,=Q01+K1.B1-G4:8,=Q01+K1.B1-W5(-P2):P2:1,,0,1,外部连接,0.0,0.0,0.0
820,833,=Q01+K1.B1-G4:7,=Q01+K1.B1-W5(-P1):P1:2,,0,1,外部连接,0.0,0.0,0.0
821,834,=Q01+K1.B1-A6:14,=Q01+K1.B1-K5:12,,0,1,外部连接,0.0,0.0,0.0
823,836,=Q01+K1.B1-K5:11,=A02+K1.B1-X21-X21.2F:1,,0,1,外部连接,0.0,0.0,0.0
825,838,=Q01+K1.B1-W5(-P2):P2:2,=Q01+K1.B1-K5:A2,,0,1,外部连接,0.0,0.0,0.0
826,839,=Q01+K1.B1-A6:4,=Q01+K1.B1-K5:A1,,0,1,外部连接,0.0,0.0,0.0
827,840,=Q01+K1.B1-W5(-P2):P2:1,=Q01+K1.B1-K4:A2,,0,1,外部连接,0.0,0.0,0.0
830,843,=Q01+K1.B1-W5(-P2):P2,=A02+K1.B1-X21-X21.2F:4,,0,1,外部连接,0.0,0.0,0.0
832,845,=Q01+K1.B1-K4:11,=A02+K1.B1-X21-X21.2F:5,,0,1,外部连接,0.0,0.0,0.0
833,846,=Q01+K1.B1-W5(-P1):P1:1,=A02+K1.B1-K20:23,,0,1,外部连接,0.0,0.0,0.0
835,848,=Q01+K1.B1-W5(-P1):P1:2,=Q01+K1.B1-X9:34:2,,0,1,外部连接,0.0,0.0,0.0
840,854,=Q01+K1.B1-K5:14,=A02+K1.B1-X21-X21.2F:2,,0,1,外部连接,0.0,0.0,0.0
841,855,=Q01+K1.B1-K5:14,=Q01+K1.B1-A6:15,,0,1,外部连接,0.0,0.0,0.0
842,856,=Q01+K1.B1-K4:A1,=Q01+K1.B1-A6:5,,0,1,外部连接,0.0,0.0,0.0
843,857,=Q01+K1.B1-R1:1,=Q01+K1.B1-K4:A1,,0,1,外部连接,0.0,0.0,0.0
844,858,=Q01+K1.B1-R1:2,=A02+K1.B1-X21-X21.2F:3,,0,1,外部连接,0.0,0.0,0.0
845,859,=Q01+K1.B1-A6:9,=A02+K1.B1-X21-X21.2F:3,,0,1,外部连接,0.0,0.0,0.0
848,862,=A02+K1.B1-K20:24,=Q01+K1.B1-K4:14,,0,1,外部连接,0.0,0.0,0.0
849,863,=Q01+K1.B1-K4:14,=Q01+K1.B1-X9:33:3,,0,1,外部连接,0.0,0.0,0.0
850,864,=Q01+K1.B1-A6:10,=Q01+K1.B1-X9:33:3,,0,1,外部连接,0.0,0.0,0.0
852,866,=A02+K1.B1-X21-X21.2F:6,=Q01+K1.B1-W5(-P2):P2,,0,1,外部连接,0.0,0.0,0.0
854,868,=A02+K1.B1-X21-X21.2F:7,=Q01+K1.B1-W5(-P1):P1,,0,1,外部连接,0.0,0.0,0.0
856,870,=Q01+K1.B1-A6:2,=A02+K1.B1-X21-X21.2F:8,,0,1,外部连接,0.0,0.0,0.0
858,872,=Q01+K1.B1-A6:1,=A02+K1.B1-X21-X21.2F:9,,0,1,外部连接,0.0,0.0,0.0
860,874,=Q01+K1.B1-A6:3,=A02+K1.B1-X21-X21.2F:10,,0,1,外部连接,0.0,0.0,0.0
864,878,=A02+K1.B1-X20-X20.1F:1,=Q01+K1.B1-A4:13,,0,1,外部连接,0.0,0.0,0.0
866,880,=A02+K1.B1-X20-X20.1F:2,=Q01+K1.B1-A4:14,,0,1,外部连接,0.0,0.0,0.0
867,881,=A02+K1.B1-X21-X21.1F:22,=Q01+K1.B1-W5(-P1):X3:3,,0,1,外部连接,0.0,0.0,0.0
870,884,=A02+K1.B1-X21-X21.1F:24,=Q01+K1.B1-W5(-P2):X3:1,,0,1,外部连接,0.0,0.0,0.0
872,886,=Q01+K1.D2-X2:1,=Q01+K1.D2-X2:1,,0,1,外部连接,0.0,0.0,0.0
874,888,=Q01+K1.D2-X2:2,=Q01+K1.D2-X2:2,,0,1,外部连接,0.0,0.0,0.0
876,890,=Q01+K1.D2-X2:3,=Q01+K1.D2-X2:3,,0,1,外部连接,0.0,0.0,0.0
878,892,=Q01+K1.D2-X2:PE,=Q01+K1.D2-X2:PE,,0,1,外部连接,0.0,0.0,0.0
879,893,=A02+K1.H2-X6:PE:2,=Q01+K1.D2-X2:PE,,0,1,外部连接,0.0,0.0,0.0
886,904,=Q01+K1.B1-A7:9,=A02+K1.B1-X21-X21.3F:1,,0,1,外部连接,0.0,0.0,0.0
888,906,=A02+K1.B1-X21-X21.3F:2,=Q01+K1.B1-W5(-P2):P2:2,,0,1,外部连接,0.0,0.0,0.0
890,908,=Q01+K1.B1-A7:10,=A02+K1.B1-X21-X21.3F:3,,0,1,外部连接,0.0,0.0,0.0
892,910,=A02+K1.B1-X21-X21.3F:4,=Q01+K1.B1-W5(-P2):P2:2,,0,1,外部连接,0.0,0.0,0.0
894,912,=Q01+K1.B1-A7:11,=A02+K1.B1-X21-X21.3F:5,,0,1,外部连接,0.0,0.0,0.0
896,914,=A02+K1.B1-X21-X21.3F:6,=Q01+K1.B1-W5(-P2):P2:2,,0,1,外部连接,0.0,0.0,0.0
898,916,=Q01+K1.B1-A7:2,=A02+K1.B1-X21-X21.3F:7,,0,1,外部连接,0.0,0.0,0.0
900,918,=Q01+K1.B1-A7:3,=A02+K1.B1-X21-X21.3F:8,,0,1,外部连接,0.0,0.0,0.0
902,920,=Q01+K1.B1-W5(-P1):P1:1,=A02+K1.B1-X21-X21.3F:9,,0,1,外部连接,0.0,0.0,0.0
905,923,=Q01+K1.B1-A3:3,=A02+K1.B1-X21-X21.3F:10,,0,1,外部连接,0.0,0.0,0.0
907,925,=Q01+K1.B1-A3:4,=A02+K1.B1-X21-X21.3F:11,,0,1,外部连接,0.0,0.0,0.0
909,927,=Q01+K1.B1-A3:7,=A02+K1.B1-X21-X21.3F:12,,0,1,外部连接,0.0,0.0,0.0
911,929,=Q01+K1.B1-A3:8,=A02+K1.B1-X21-X21.3F:13,,0,1,外部连接,0.0,0.0,0.0
913,931,=Q01+K1.B1-A2:3,=A02+K1.B1-X21-X21.3F:14,,0,1,外部连接,0.0,0.0,0.0
915,933,=Q01+K1.B1-A2:4,=A02+K1.B1-X21-X21.3F:15,,0,1,外部连接,0.0,0.0,0.0
917,935,=Q01+K1.B1-A2:7,=A02+K1.B1-X21-X21.3F:16,,0,1,外部连接,0.0,0.0,0.0
919,937,=Q01+K1.B1-A2:8,=A02+K1.B1-X21-X21.3F:17,,0,1,外部连接,0.0,0.0,0.0
927,946,=Q01+K1.G1-N5:X3A.1,=A02+K1.B1-X21-X21.3F:18,,0,1,外部连接,0.0,0.0,0.0
928,947,=Q01+K1.B1-X9:35:4,=Q01+K1.G1-N5:X0.+24V,,0,1,外部连接,0.0,0.0,0.0
929,948,=Q01+K1.G1-N5:X3A.2,=A02+K1.B1-X21-X21.3F:19,,0,1,外部连接,0.0,0.0,0.0
930,949,=Q01+K1.B1-X9:36:5,=Q01+K1.G1-N5:X0.GND,,0,1,外部连接,0.0,0.0,0.0
931,950,=Q01+K1.G1-N5:X3B.2,=A02+K1.B1-X21-X21.3F:20,,0,1,外部连接,0.0,0.0,0.0
932,951,=Q01+K1.B1-X9:PE:1,=Q01+K1.G1-N5:X0.PE,,0,1,外部连接,0.0,0.0,0.0
933,952,=Q01+K1.G1-N5:X3B.1,=A02+K1.B1-X21-X21.3F:21,,0,1,外部连接,0.0,0.0,0.0
934,953,=Q01+K1.B1-A8:1,=Q01+K1.G1-N5:X1.9,,0,1,外部连接,0.0,0.0,0.0
936,955,=Q01+K1.B1-X9:37:4,=Q01+K1.G1-N5:X2.E+,,0,1,外部连接,0.0,0.0,0.0
937,956,=Q01+K1.B1-A7:12,=Q01+K1.B1-X9:37:3,,0,1,外部连接,0.0,0.0,0.0
938,957,=Q01+K1.B1-W5(-P2):P2:2,=Q01+K1.B1-X9:38:2,,0,1,外部连接,0.0,0.0,0.0
939,958,=Q01+K1.B1-A7:5,=Q01+K1.B1-X9:39:3,,0,1,外部连接,0.0,0.0,0.0
940,959,=Q01+K1.B1-W5(-P1):P1:1,=Q01+K1.B1-X9:40:2,,0,1,外部连接,0.0,0.0,0.0
942,962,=Q01+K1.B1-A8:3,=Q01+K1.G1-N5:X1.10,,0,1,外部连接,0.0,0.0,0.0
943,963,=Q01+K1.B1-A8:5,=Q01+K1.G1-N5:X1.11,,0,1,外部连接,0.0,0.0,0.0
944,964,=Q01+K1.B1-A8:7,=Q01+K1.G1-N5:X1.12,,0,1,外部连接,0.0,0.0,0.0
946,966,=Q01+K1.B1-X9:38:5,=Q01+K1.G1-N5:X2.E-,,0,1,外部连接,0.0,0.0,0.0
947,967,=Q01+K1.B1-X9:39:4,=Q01+K1.G1-N5:X2.NO,,0,1,内部触点常开,0.0,0.0,0.0
948,968,=Q01+K1.B1-X9:40:5,=Q01+K1.G1-N5:X2.COM,,0,1,外部连接,0.0,0.0,0.0
949,969,=Q01+K1.B1-A9:14,=Q01+K1.B1-K7:12,,0,1,外部连接,0.0,0.0,0.0
951,971,=Q01+K1.B1-K7:11,=A02+K1.B1-X21-X21.4F:1,,0,1,外部连接,0.0,0.0,0.0
953,973,=Q01+K1.B1-K7:A2,=Q01+K1.B1-W5(-P2):P2:1,,0,1,外部连接,0.0,0.0,0.0
954,974,=Q01+K1.B1-A9:4,=Q01+K1.B1-K7:A1,,0,1,外部连接,0.0,0.0,0.0
955,975,=Q01+K1.B1-K6:A2,=Q01+K1.B1-W5(-P2):P2:1,,0,1,外部连接,0.0,0.0,0.0
958,978,=Q01+K1.B1-W5(-P2):P2,=A02+K1.B1-X21-X21.4F:4,,0,1,外部连接,0.0,0.0,0.0
960,980,=Q01+K1.B1-K6:11,=A02+K1.B1-X21-X21.4F:5,,0,1,外部连接,0.0,0.0,0.0
961,981,=Q01+K1.B1-W5(-P1):P1,=A02+K1.B1-K20:63,,0,1,外部连接,0.0,0.0,0.0
963,983,=Q01+K1.B1-W5(-P1):P1:1,=Q01+K1.B1-X9:42:2,,0,1,外部连接,0.0,0.0,0.0
968,991,=Q01+K1.B1-K7:14,=A02+K1.B1-X21-X21.4F:2,,0,1,外部连接,0.0,0.0,0.0
969,992,=Q01+K1.B1-K7:14,=Q01+K1.B1-A9:15,,0,1,外部连接,0.0,0.0,0.0
970,993,=Q01+K1.B1-A9:5,=Q01+K1.B1-K6:A1,,0,1,外部连接,0.0,0.0,0.0
971,994,=Q01+K1.B1-K6:A1,=Q01+K1.B1-R11:2,,0,1,外部连接,0.0,0.0,0.0
972,995,=Q01+K1.B1-R11:1,=A02+K1.B1-X21-X21.4F:3,,0,1,外部连接,0.0,0.0,0.0
973,996,=Q01+K1.B1-A9:9,=A02+K1.B1-X21-X21.4F:3,,0,1,外部连接,0.0,0.0,0.0
976,999,=A02+K1.B1-K20:64,=Q01+K1.B1-K6:14,,0,1,外部连接,0.0,0.0,0.0
977,1000,=Q01+K1.B1-K6:14,=Q01+K1.B1-X9:41:3,,0,1,外部连接,0.0,0.0,0.0
978,1001,=Q01+K1.B1-A9:10,=Q01+K1.B1-X9:41:3,,0,1,外部连接,0.0,0.0,0.0
980,1003,=Q01+K1.B1-W5(-P2):P2,=A02+K1.B1-X21-X21.4F:6,,0,1,外部连接,0.0,0.0,0.0
982,1005,=Q01+K1.B1-W5(-P1):P1,=A02+K1.B1-X21-X21.4F:7,,0,1,外部连接,0.0,0.0,0.0
984,1007,=Q01+K1.B1-A9:2,=A02+K1.B1-X21-X21.4F:8,,0,1,外部连接,0.0,0.0,0.0
986,1009,=Q01+K1.B1-A9:1,=A02+K1.B1-X21-X21.4F:9,,0,1,外部连接,0.0,0.0,0.0
988,1011,=Q01+K1.B1-A9:3,=A02+K1.B1-X21-X21.4F:10,,0,1,外部连接,0.0,0.0,0.0
993,1016,=Q01+K1.B1-A7:13,=A02+K1.B1-X20-X20.1F:3,,0,1,外部连接,0.0,0.0,0.0
995,1018,=Q01+K1.B1-A7:14,=A02+K1.B1-X20-X20.1F:4,,0,1,外部连接,0.0,0.0,0.0
996,1019,=A02+K1.B1-X21-X21.3F:22,=Q01+K1.B1-W5(-P1):X3:3,,0,1,外部连接,0.0,0.0,0.0
998,1021,=A02+K1.B1-X21-X21.3F:23,=Q01+K1.B1-A7:6,,0,1,外部连接,0.0,0.0,0.0
1000,1023,=A02+K1.B1-X21-X21.3F:24,=Q01+K1.B1-W5(-P2):X3:1,,0,1,外部连接,0.0,0.0,0.0
1002,1025,=Q01+K1.B1-V1:2.1,=Q01+K1.B1-W5(-P1):X1:9,,0,1,外部连接,0.0,0.0,0.0
1003,1026,=A02+K1.B1-W6(-P2):X1:5,=Q01+K1.B1-W5(-P2):X1:9,,0,1,外部连接,0.0,0.0,0.0
1004,1027,=Q15+K1.B1-X20:1:4,=Q15+K1.G1-G1:X2.L,,0,1,外部连接,0.0,0.0,0.0
1005,1028,=Q15+K1.H2-F11:2,=Q15+K1.B1-X20:1:3,,0,1,外部连接,0.0,0.0,0.0
1006,1029,=A02+K1.H2-W2.1:2L1,=Q15+K1.H2-F11:1,,0,1,外部连接,0.0,0.0,0.0
1007,1030,=Q15+K1.B1-X20:2:5,=Q15+K1.G1-G1:X2.N,,0,1,外部连接,0.0,0.0,0.0
1008,1031,=A02+K1.H2-X5:N:2,=Q15+K1.B1-X20:2:2,,0,1,外部连接,0.0,0.0,0.0
1009,1032,=Q15+K1.B1-X20:PE:1,=Q15+K1.G1-G1:X2.PE,,0,1,外部连接,0.0,0.0,0.0
1010,1033,=A02+K1.H2-X6:PE:2,=Q15+K1.G1-G1:PE,,0,1,外部连接,0.0,0.0,0.0
1011,1034,=Q15+K1.H2-F11:11,=Q15+K1.B1-A2:1,,0,1,外部连接,0.0,0.0,0.0
1012,1035,=Q15+K1.B1-A2:2,=Q15+K1.B1-K1:11,,0,1,外部连接,0.0,0.0,0.0
1013,1036,=Q15+K1.B1-K1:11,=Q15+K1.B1-R1:2,,0,1,外部连接,0.0,0.0,0.0
1014,1037,=Q15+K1.B1-A21:X1:4,=Q15+K1.G1-G1:4,,0,1,外部连接,0.0,0.0,0.0
1015,1038,=Q15+K1.B1-R1:1,=Q15+K1.B1-A21:X2:4,,0,1,外部连接,0.0,0.0,0.0
1016,1039,=Q15+K1.B1-W5(-P1):P1:1,=Q15+K1.B1-K1:14,,0,1,外部连接,0.0,0.0,0.0
1017,1040,=Q15+K1.B1-K1:A1,=Q15+K1.B1-A1:1,,0,1,外部连接,0.0,0.0,0.0
1018,1041,=Q15+K1.B1-A21:X1:17,=Q15+K1.G1-G1:17,,0,1,外部连接,0.0,0.0,0.0
1019,1042,=Q15+K1.B1-A21:X1:5,=Q15+K1.G1-G1:5,,0,1,外部连接,0.0,0.0,0.0
1020,1043,=Q15+K1.B1-A21:X1:18,=Q15+K1.G1-G1:18,,0,1,外部连接,0.0,0.0,0.0
1021,1044,=Q15+K1.B1-A21:X1:2,=Q15+K1.G1-G1:2,,0,1,外部连接,0.0,0.0,0.0
1022,1045,=Q15+K1.B1-A21:X1:15,=Q15+K1.G1-G1:15,,0,1,外部连接,0.0,0.0,0.0
1023,1046,=Q15+K1.B1-A21:X1:3,=Q15+K1.G1-G1:3,,0,1,外部连接,0.0,0.0,0.0
1025,1048,=Q15+K1.B1-A21:X1:10,=Q15+K1.G1-G1:10,,0,1,外部连接,0.0,0.0,0.0
1026,1049,=Q15+K1.B1-A21:X2:10,=Q15+K1.B1-A21:X2:23,,0,1,外部连接,0.0,0.0,0.0
1027,1050,=Q15+K1.B1-A21:X1:23,=Q15+K1.G1-G1:23,,0,1,外部连接,0.0,0.0,0.0
1030,1054,=Q15+K1.B1-A21:X2:17,=Q15+K1.B1-K1:A2,,0,1,外部连接,0.0,0.0,0.0
1031,1055,=Q15+K1.B1-W5(-P2):P2:2,=Q15+K1.B1-A21:X2:17,,0,1,外部连接,0.0,0.0,0.0
1032,1056,=Q15+K1.B1-A3:1,=Q15+K1.B1-A21:X2:5,,0,1,外部连接,0.0,0.0,0.0
1033,1057,=Q15+K1.B1-A3:2,=Q15+K1.B1-A21:X2:18,,0,1,外部连接,0.0,0.0,0.0
1034,1058,=Q15+K1.B1-A4:1,=Q15+K1.B1-A21:X2:2,,0,1,外部连接,0.0,0.0,0.0
1035,1059,=Q15+K1.B1-A4:2,=Q15+K1.B1-A21:X2:15,,0,1,外部连接,0.0,0.0,0.0
1036,1060,=Q15+K1.B1-A4:5,=Q15+K1.B1-A21:X2:3,,0,1,外部连接,0.0,0.0,0.0
1037,1061,=Q15+K1.B1-A21:X1:16,=Q15+K1.G1-G1:16,,0,1,外部连接,0.0,0.0,0.0
1038,1062,=Q15+K1.B1-A21:X2:16,=Q15+K1.B1-A4:6,,0,1,外部连接,0.0,0.0,0.0
1039,1063,=Q15+K1.B1-X20:3:4,=Q15+K1.G1-G2:X2.L,,0,1,外部连接,0.0,0.0,0.0
1040,1064,=Q15+K1.H2-F12:2,=Q15+K1.B1-X20:3:3,,0,1,外部连接,0.0,0.0,0.0
1041,1065,=A02+K1.H2-W2.1:2L2,=Q15+K1.H2-F12:1,,0,1,外部连接,0.0,0.0,0.0
1042,1066,=Q15+K1.B1-X20:4:5,=Q15+K1.G1-G2:X2.N,,0,1,外部连接,0.0,0.0,0.0
1043,1067,=A02+K1.H2-X5:N:2,=Q15+K1.B1-X20:4:2,,0,1,外部连接,0.0,0.0,0.0
1044,1068,=Q15+K1.B1-X20:PE:1,=Q15+K1.G1-G2:X2.PE,,0,1,外部连接,0.0,0.0,0.0
1045,1069,=A02+K1.H2-X6:PE:2,=Q15+K1.G1-G2:PE,,0,1,外部连接,0.0,0.0,0.0
1046,1070,=Q15+K1.H2-F12:14,=Q15+K1.B1-A2:3,,0,1,外部连接,0.0,0.0,0.0
1047,1071,=Q15+K1.B1-A2:3,=Q15+K1.B1-A2:4,,0,1,外部连接,0.0,0.0,0.0
1048,1072,=Q15+K1.B1-W5(-P2):P2:1,=Q15+K1.B1-K22:A2,,0,1,外部连接,0.0,0.0,0.0
1049,1073,=Q15+K1.B1-K22:A1,=Q15+K1.B1-A1:2,,0,1,外部连接,0.0,0.0,0.0
1050,1074,=Q15+K1.B1-W5(-P1):P1:1,=Q15+K1.B1-K22:12,,0,1,外部连接,0.0,0.0,0.0
1051,1075,=Q15+K1.B1-A22:X1:8,=Q15+K1.G1-G2:REMOTE I/O:8,,0,1,外部连接,0.0,0.0,0.0
1052,1076,=Q15+K1.B1-K22:11,=Q15+K1.B1-A22:X2:8,,0,1,外部连接,0.0,0.0,0.0
1053,1077,=Q15+K1.B1-W5(-P2):P2:1,=Q15+K1.B1-K2:A2,,0,1,外部连接,0.0,0.0,0.0
1054,1078,=Q15+K1.B1-K2:A1,=Q15+K1.B1-A1:3,,0,1,外部连接,0.0,0.0,0.0
1055,1079,=Q15+K1.B1-A22:X1:14,=Q15+K1.G1-G2:REMOTE I/O:14,,0,1,外部连接,0.0,0.0,0.0
1056,1080,=Q15+K1.B1-A22:X2:14,=Q15+K1.B1-K2:11,,0,1,外部连接,0.0,0.0,0.0
1057,1081,=Q15+K1.B1-K2:14,=Q15+K1.B1-A22:X2:13,,0,1,外部连接,0.0,0.0,0.0
1058,1082,=Q15+K1.B1-A22:X1:13,=Q15+K1.G1-G2:REMOTE I/O:13,,0,1,外部连接,0.0,0.0,0.0
1060,1084,=Q15+K1.B1-A22:X1:6,=Q15+K1.G1-G2:REMOTE I/O:6,,0,1,外部连接,0.0,0.0,0.0
1061,1085,=Q15+K1.B1-A22:X1:7,=Q15+K1.G1-G2:REMOTE I/O:7,,0,1,外部连接,0.0,0.0,0.0
1062,1086,=Q15+K1.B1-A22:X1:18,=Q15+K1.G1-G2:REMOTE I/O:18,,0,1,外部连接,0.0,0.0,0.0
1063,1087,=Q15+K1.B1-A22:X1:19,=Q15+K1.G1-G2:REMOTE I/O:19,,0,1,外部连接,0.0,0.0,0.0
1064,1088,=Q15+K1.B1-A22:X1:5,=Q15+K1.G1-G2:REMOTE I/O:5,,0,1,外部连接,0.0,0.0,0.0
1065,1089,=Q15+K1.B1-A22:X1:4,=Q15+K1.G1-G2:REMOTE I/O:4,,0,1,外部连接,0.0,0.0,0.0
1066,1090,=Q15+K1.B1-A22:X1:17,=Q15+K1.G1-G2:REMOTE I/O:17,,0,1,外部连接,0.0,0.0,0.0
1067,1091,=Q15+K1.B1-A22:X1:16,=Q15+K1.G1-G2:REMOTE I/O:16,,0,1,外部连接,0.0,0.0,0.0
1068,1092,=Q15+K1.B1-A22:X1:11,=Q15+K1.G1-G2:REMOTE I/O:11,,0,1,外部连接,0.0,0.0,0.0
1071,1096,=Q15+K1.B1-A3:3,=Q15+K1.B1-A22:X2:6,,0,1,外部连接,0.0,0.0,0.0
1072,1097,=Q15+K1.B1-A3:4,=Q15+K1.B1-A22:X2:7,,0,1,外部连接,0.0,0.0,0.0
1073,1098,=Q15+K1.B1-A4:3,=Q15+K1.B1-A22:X2:18,,0,1,外部连接,0.0,0.0,0.0
1074,1099,=Q15+K1.B1-A4:4,=Q15+K1.B1-A22:X2:19,,0,1,外部连接,0.0,0.0,0.0
1075,1100,=Q15+K1.B1-A3:7,=Q15+K1.B1-A22:X2:5,,0,1,外部连接,0.0,0.0,0.0
1076,1101,=Q15+K1.B1-A22:X2:4,=Q15+K1.B1-A3:8,,0,1,外部连接,0.0,0.0,0.0
1077,1102,=Q15+K1.B1-A22:X2:17,=Q15+K1.B1-A4:7,,0,1,外部连接,0.0,0.0,0.0
1078,1103,=Q15+K1.B1-A22:X2:16,=Q15+K1.B1-A4:8,,0,1,外部连接,0.0,0.0,0.0
1079,1104,=Q15+K1.B1-X20:5:4,=Q15+K1.G1-G3:X2.L,,0,1,外部连接,0.0,0.0,0.0
1080,1105,=Q15+K1.H2-F13:2,=Q15+K1.B1-X20:5:3,,0,1,外部连接,0.0,0.0,0.0
1081,1106,=A02+K1.H2-W2.1:2L3,=Q15+K1.H2-F13:1,,0,1,外部连接,0.0,0.0,0.0
1082,1107,=Q15+K1.B1-X20:6:5,=Q15+K1.G1-G3:X2.N,,0,1,外部连接,0.0,0.0,0.0
1083,1108,=A02+K1.H2-X5:N:2,=Q15+K1.B1-X20:6:2,,0,1,外部连接,0.0,0.0,0.0
1084,1109,=Q15+K1.B1-X20:PE:1,=Q15+K1.G1-G3:X2.PE,,0,1,外部连接,0.0,0.0,0.0
1085,1110,=A02+K1.H2-X6:PE:2,=Q15+K1.G1-G3:PE,,0,1,外部连接,0.0,0.0,0.0
1086,1111,=Q15+K1.H2-F13:14,=Q15+K1.B1-A2:5,,0,1,外部连接,0.0,0.0,0.0
1087,1112,=Q15+K1.B1-A2:5,=Q15+K1.B1-A2:6,,0,1,外部连接,0.0,0.0,0.0
1088,1113,=Q15+K1.B1-W5(-P2):P2:1,=Q15+K1.B1-K23:A2,,0,1,外部连接,0.0,0.0,0.0
1089,1114,=Q15+K1.B1-K23:A1,=Q15+K1.B1-A1:4,,0,1,外部连接,0.0,0.0,0.0
1090,1115,=Q15+K1.B1-W5(-P1):P1:1,=Q15+K1.B1-K23:12,,0,1,外部连接,0.0,0.0,0.0
1091,1116,=Q15+K1.B1-A23:X1:8,=Q15+K1.G1-G3:8,,0,1,外部连接,0.0,0.0,0.0
1092,1117,=Q15+K1.B1-A23:X2:8,=Q15+K1.B1-K23:11,,0,1,外部连接,0.0,0.0,0.0
1093,1118,=Q15+K1.B1-A23:X1:14,=Q15+K1.G1-G3:14,,0,1,外部连接,0.0,0.0,0.0
1094,1119,=Q15+K1.B1-K3:11,=Q15+K1.B1-A23:X2:14,,0,1,外部连接,0.0,0.0,0.0
1095,1120,=Q15+K1.B1-K3:14,=Q15+K1.B1-A23:X2:13,,0,1,外部连接,0.0,0.0,0.0
1096,1121,=Q15+K1.B1-W5(-P2):P2:1,=Q15+K1.B1-K3:A2,,0,1,外部连接,0.0,0.0,0.0
1097,1122,=Q15+K1.B1-K3:A1,=Q15+K1.B1-A1:5,,0,1,外部连接,0.0,0.0,0.0
1098,1123,=Q15+K1.B1-A23:X1:13,=Q15+K1.G1-G3:13,,0,1,外部连接,0.0,0.0,0.0
1100,1125,=Q15+K1.B1-A23:X1:6,=Q15+K1.G1-G3:6,,0,1,外部连接,0.0,0.0,0.0
1101,1126,=Q15+K1.B1-A23:X1:7,=Q15+K1.G1-G3:7,,0,1,外部连接,0.0,0.0,0.0
1102,1127,=Q15+K1.B1-A23:X1:18,=Q15+K1.G1-G3:18,,0,1,外部连接,0.0,0.0,0.0
1103,1128,=Q15+K1.B1-A23:X1:19,=Q15+K1.G1-G3:19,,0,1,外部连接,0.0,0.0,0.0
1104,1129,=Q15+K1.B1-A23:X1:5,=Q15+K1.G1-G3:5,,0,1,外部连接,0.0,0.0,0.0
1105,1130,=Q15+K1.B1-A23:X1:4,=Q15+K1.G1-G3:4,,0,1,外部连接,0.0,0.0,0.0
1106,1131,=Q15+K1.B1-A23:X1:17,=Q15+K1.G1-G3:17,,0,1,外部连接,0.0,0.0,0.0
1107,1132,=Q15+K1.B1-A23:X1:16,=Q15+K1.G1-G3:16,,0,1,外部连接,0.0,0.0,0.0
1108,1133,=Q15+K1.B1-A23:X1:11,=Q15+K1.G1-G3:11,,0,1,外部连接,0.0,0.0,0.0
1111,1137,=Q15+K1.B1-A5:1,=Q15+K1.B1-A23:X2:6,,0,1,外部连接,0.0,0.0,0.0
1112,1138,=Q15+K1.B1-A5:2,=Q15+K1.B1-A23:X2:7,,0,1,外部连接,0.0,0.0,0.0
1113,1139,=Q15+K1.B1-A6:1,=Q15+K1.B1-A23:X2:18,,0,1,外部连接,0.0,0.0,0.0
1114,1140,=Q15+K1.B1-A6:2,=Q15+K1.B1-A23:X2:19,,0,1,外部连接,0.0,0.0,0.0
1115,1141,=Q15+K1.B1-A5:5,=Q15+K1.B1-A23:X2:5,,0,1,外部连接,0.0,0.0,0.0
1116,1142,=Q15+K1.B1-A23:X2:4,=Q15+K1.B1-A5:6,,0,1,外部连接,0.0,0.0,0.0
1117,1143,=Q15+K1.B1-A6:5,=Q15+K1.B1-A23:X2:17,,0,1,外部连接,0.0,0.0,0.0
1118,1144,=Q15+K1.B1-A23:X2:16,=Q15+K1.B1-A6:6,,0,1,外部连接,0.0,0.0,0.0
1119,1145,=Q15+K1.B1-X20:7:4,=Q15+K1.G1-G4:X2.L,,0,1,外部连接,0.0,0.0,0.0
1120,1146,=Q15+K1.H2-F14:2,=Q15+K1.B1-X20:7:3,,0,1,外部连接,0.0,0.0,0.0
1121,1147,=A02+K1.H2-W2.1:2L1,=Q15+K1.H2-F14:1,,0,1,外部连接,0.0,0.0,0.0
1122,1148,=Q15+K1.B1-X20:8:5,=Q15+K1.G1-G4:X2.N,,0,1,外部连接,0.0,0.0,0.0
1123,1149,=A02+K1.H2-X5:N:1,=Q15+K1.B1-X20:8:2,,0,1,外部连接,0.0,0.0,0.0
1124,1150,=Q15+K1.B1-X20:PE:1,=Q15+K1.G1-G4:X2.PE,,0,1,外部连接,0.0,0.0,0.0
1125,1151,=A02+K1.H2-X6:PE:2,=Q15+K1.G1-G4:PE,,0,1,外部连接,0.0,0.0,0.0
1126,1152,=Q15+K1.B1-A2:7,=Q15+K1.H2-F14:11,,0,1,外部连接,0.0,0.0,0.0
1128,1154,=Q15+K1.B1-V2:2.1,=A02+K1.B1-X21-X21.6F:1,,0,1,外部连接,0.0,0.0,0.0
1129,1155,=Q15+K1.B1-W5(-P1):P1:1,=Q15+K1.B1-V2:1.1,,0,1,外部连接,0.0,0.0,0.0
1131,1157,=A02+K1.B1-X21-X21.6F:2,=Q15+K1.B1-V2:3.2,,0,1,外部连接,0.0,0.0,0.0
1132,1158,=Q15+K1.B1-W5(-P2):P2:2,=Q15+K1.B1-V2:3.1,,0,1,外部连接,0.0,0.0,0.0
1134,1161,=Q15+K1.B1-A24:X1:4,=Q15+K1.G1-G4:4,,0,1,外部连接,0.0,0.0,0.0
1135,1162,=Q15+K1.B1-A24:X2:4,=Q15+K1.B1-R4:1,,0,1,外部连接,0.0,0.0,0.0
1136,1163,=Q15+K1.B1-K4:11,=Q15+K1.B1-R4:2,,0,1,外部连接,0.0,0.0,0.0
1137,1164,=Q15+K1.B1-W5(-P1):P1:1,=Q15+K1.B1-K4:14,,0,1,外部连接,0.0,0.0,0.0
1138,1165,=Q15+K1.B1-K4:A1,=Q15+K1.B1-A1:6,,0,1,外部连接,0.0,0.0,0.0
1139,1166,=Q15+K1.B1-A24:X1:17,=Q15+K1.G1-G4:17,,0,1,外部连接,0.0,0.0,0.0
1140,1167,=Q15+K1.B1-A24:X1:5,=Q15+K1.G1-G4:5,,0,1,外部连接,0.0,0.0,0.0
1141,1168,=Q15+K1.B1-A24:X1:18,=Q15+K1.G1-G4:18,,0,1,外部连接,0.0,0.0,0.0
1142,1169,=Q15+K1.B1-A24:X1:2,=Q15+K1.G1-G4:2,,0,1,外部连接,0.0,0.0,0.0
1143,1170,=Q15+K1.B1-A24:X1:15,=Q15+K1.G1-G4:15,,0,1,外部连接,0.0,0.0,0.0
1144,1171,=Q15+K1.B1-A24:X1:16,=Q15+K1.G1-G4:16,,0,1,外部连接,0.0,0.0,0.0
1145,1172,=Q15+K1.B1-A24:X1:10,=Q15+K1.G1-G4:10,,0,1,外部连接,0.0,0.0,0.0
1146,1173,=Q15+K1.B1-A24:X2:10,=Q15+K1.B1-A24:X2:23,,0,1,外部连接,0.0,0.0,0.0
1147,1174,=Q15+K1.B1-A24:X1:23,=Q15+K1.G1-G4:23,,0,1,外部连接,0.0,0.0,0.0
1148,1175,=Q15+K1.G1-G4:CASE,=A02+K1.B1-W9:SE,,0,1,外部连接,0.0,0.0,0.0
1149,1177,=Q15+K1.B1-A24:X2:17,=Q15+K1.B1-K4:A2,,0,1,外部连接,0.0,0.0,0.0
1150,1178,=Q15+K1.B1-W5(-P2):P2:2,=Q15+K1.B1-A24:X2:17,,0,1,外部连接,0.0,0.0,0.0
1151,1179,=Q15+K1.B1-A5:3,=Q15+K1.B1-A24:X2:5,,0,1,外部连接,0.0,0.0,0.0
1152,1180,=Q15+K1.B1-A5:4,=Q15+K1.B1-A24:X2:18,,0,1,外部连接,0.0,0.0,0.0
1153,1181,=Q15+K1.B1-A6:3,=Q15+K1.B1-A24:X2:2,,0,1,外部连接,0.0,0.0,0.0
1154,1182,=Q15+K1.B1-A6:4,=Q15+K1.B1-A24:X2:15,,0,1,外部连接,0.0,0.0,0.0
1155,1183,=Q15+K1.B1-A24:X1:3,=Q15+K1.G1-G4:3,,0,1,外部连接,0.0,0.0,0.0
1156,1184,=Q15+K1.B1-A6:7,=Q15+K1.B1-A24:X2:3,,0,1,外部连接,0.0,0.0,0.0
1157,1185,=Q15+K1.B1-A6:8,=Q15+K1.B1-A24:X2:16,,0,1,外部连接,0.0,0.0,0.0
1159,1187,=Q15+K1.B1-X20:9:4,=Q15+K1.G1-G5:L,,0,1,外部连接,0.0,0.0,0.0
1160,1188,=Q15+K1.H2-F15:2,=Q15+K1.B1-X20:9:3,,0,1,外部连接,0.0,0.0,0.0
1161,1189,=A02+K1.H2-W2.1:2L2,=Q15+K1.H2-F15:1,,0,1,外部连接,0.0,0.0,0.0
1162,1190,=Q15+K1.B1-X20:10:5,=Q15+K1.G1-G5:N,,0,1,外部连接,0.0,0.0,0.0
1163,1191,=A02+K1.H2-X5:8:2,=Q15+K1.B1-X20:10:2,,0,1,外部连接,0.0,0.0,0.0
1164,1192,=Q15+K1.B1-X20:PE:1,=Q15+K1.G1-G5:PE,,0,1,外部连接,0.0,0.0,0.0
1166,1194,=Q15+K1.G1-G5:INTL.1,=Q15+K1.G1-G5:INTL.2,,0,1,外部连接,0.0,0.0,0.0
1167,1195,=Q15+K1.H2-F15:11,=Q15+K1.B1-A2:15,,0,1,外部连接,0.0,0.0,0.0
1168,1196,=Q15+K1.B1-A25:X1.1,=Q15+K1.G1-G5:ANALOG.1,,0,1,外部连接,0.0,0.0,0.0
1169,1197,=Q15+K1.B1-U1:.10,=Q15+K1.B1-A25:X2.1,,0,1,外部连接,0.0,0.0,0.0
1170,1198,=Q15+K1.B1-A1:16,=Q15+K1.B1-U1:.1,,0,1,外部连接,0.0,0.0,0.0
1171,1199,=Q15+K1.B1-A25:X1.2,=Q15+K1.G1-G5:ANALOG.2,,0,1,外部连接,0.0,0.0,0.0
1172,1200,=Q15+K1.B1-U1:.11,=Q15+K1.B1-A25:X2.2,,0,1,外部连接,0.0,0.0,0.0
1173,1201,=Q15+K1.B1-A1:15,=Q15+K1.B1-U1:.2,,0,1,外部连接,0.0,0.0,0.0
1174,1202,=Q15+K1.B1-A25:X1.3,=Q15+K1.G1-G5:ANALOG.3,,0,1,外部连接,0.0,0.0,0.0
1175,1203,=Q15+K1.B1-U1:.12,=Q15+K1.B1-A25:X2.3,,0,1,外部连接,0.0,0.0,0.0
1176,1204,=Q15+K1.B1-U1:.12,=Q15+K1.B1-W5(-P2):P2:6,,0,1,外部连接,0.0,0.0,0.0
1177,1205,=Q15+K1.B1-W5(-P2):P2:6,=Q15+K1.B1-U1:.3,,0,1,外部连接,0.0,0.0,0.0
1178,1206,=Q15+K1.B1-U1:.3,=Q15+K1.B1-U1:.6,,0,1,外部连接,0.0,0.0,0.0
1179,1207,=Q15+K1.B1-W5(-P1):P1:5,=Q15+K1.B1-U1:.9,,0,1,外部连接,0.0,0.0,0.0
1180,1208,=Q15+K1.B1-A25:X1.5,=Q15+K1.G1-G5:ANALOG.5,,0,1,外部连接,0.0,0.0,0.0
1181,1209,=Q15+K1.G1-G5:ANALOG.18,=Q15+K1.B1-A25:X1.18,,0,1,外部连接,0.0,0.0,0.0
1182,1210,=Q15+K1.B1-U2:.1,=Q15+K1.B1-A25:X2.18,,0,1,外部连接,0.0,0.0,0.0
1183,1211,=Q15+K1.B1-A2:16,=Q15+K1.B1-U2:.10,,0,1,外部连接,0.0,0.0,0.0
1184,1212,=Q15+K1.B1-A25:X1.6,=Q15+K1.G1-G5:ANALOG.6,,0,1,外部连接,0.0,0.0,0.0
1185,1213,=Q15+K1.B1-U2:.3,=Q15+K1.B1-A25:X2.6,,0,1,外部连接,0.0,0.0,0.0
1186,1214,=Q15+K1.B1-U2:.3,=Q15+K1.B1-W5(-P2):P2:7,,0,1,外部连接,0.0,0.0,0.0
1187,1215,=Q15+K1.B1-W5(-P2):P2:7,=Q15+K1.B1-U2:.12,,0,1,外部连接,0.0,0.0,0.0
1188,1216,=Q15+K1.B1-U2:.12,=Q15+K1.B1-U2:.6,,0,1,外部连接,0.0,0.0,0.0
1189,1217,=Q15+K1.B1-W5(-P1):P1:6,=Q15+K1.B1-U2:.9,,0,1,外部连接,0.0,0.0,0.0
1190,1218,=Q15+K1.G1-G5:ANALOG.13,=Q15+K1.B1-A25:X1.13,,0,1,外部连接,0.0,0.0,0.0
1191,1219,=Q15+K1.G1-G5:ANALOG.15,=Q15+K1.B1-A25:X1.15,,0,1,外部连接,0.0,0.0,0.0
1192,1220,=Q15+K1.B1-A25:X1.7,=Q15+K1.G1-G5:ANA.7,,0,1,外部连接,0.0,0.0,0.0
1193,1221,=Q15+K1.G1-G5:ANA.11,=Q15+K1.B1-A25:X1.11,,0,1,外部连接,0.0,0.0,0.0
1194,1222,=Q15+K1.G1-G5:ANA.19,=Q15+K1.B1-A25:X1.19,,0,1,外部连接,0.0,0.0,0.0
1195,1223,=Q15+K1.G1-G5:ANA.21,=Q15+K1.B1-A25:X1.21,,0,1,外部连接,0.0,0.0,0.0
1196,1224,=Q15+K1.G1-G5:ANA.14,=Q15+K1.B1-A25:X1.14,,0,1,外部连接,0.0,0.0,0.0
1197,1225,=Q15+K1.G1-G5:ANA.16,=Q15+K1.B1-A25:X1.16,,0,1,外部连接,0.0,0.0,0.0
1198,1226,=Q15+K1.G1-G5:ANA.23,=Q15+K1.B1-A25:X1.23,,0,1,外部连接,0.0,0.0,0.0
1199,1227,=Q15+K1.G1-G5:ANA.24,=Q15+K1.B1-A25:X1.24,,0,1,外部连接,0.0,0.0,0.0
1200,1230,=Q15+K1.B1-A8:1,=Q15+K1.B1-A25:X2.7,,0,1,外部连接,0.0,0.0,0.0
1201,1231,=Q15+K1.B1-A8,=Q15+K1.B1-A25:X2.11,,0,1,外部连接,0.0,0.0,0.0
1202,1232,=Q15+K1.B1-A8:5,=Q15+K1.B1-A25:X2.19,,0,1,外部连接,0.0,0.0,0.0
1203,1233,=Q15+K1.B1-A8,=Q15+K1.B1-A25:X2.21,,0,1,外部连接,0.0,0.0,0.0
1204,1234,=Q15+K1.B1-A7:1,=Q15+K1.B1-A25:X2.14,,0,1,外部连接,0.0,0.0,0.0
1205,1235,=Q15+K1.B1-A7,=Q15+K1.B1-A25:X2.16,,0,1,外部连接,0.0,0.0,0.0
1206,1236,=Q15+K1.B1-A7:5,=Q15+K1.B1-A25:X2.23,,0,1,外部连接,0.0,0.0,0.0
1207,1237,=Q15+K1.B1-A7,=Q15+K1.B1-A25:X2.24,,0,1,外部连接,0.0,0.0,0.0
1216,1248,=Q15+K1.B1-A1:11,=Q15+K1.B1-X21:1:4,,0,1,外部连接,0.0,0.0,0.0
1217,1249,=Q15+K1.B1-W5(-P2):P2:1,=Q15+K1.B1-X21:2:5,,0,1,外部连接,0.0,0.0,0.0
1224,1258,=Q15+K1.B1-X21:4:4,=Q15+K1.G1-G2:2,,0,1,外部连接,0.0,0.0,0.0
1226,1261,=Q15+K1.G1-G3:1,=Q15+K1.B1-X21:3:5,,0,1,外部连接,0.0,0.0,0.0
1227,1262,=Q15+K1.B1-X21:3:5,=Q15+K1.G1-G2:1,,0,1,外部连接,0.0,0.0,0.0
1251,1286,=Q15+K1.B1-A1:12,=A02+K1.B1-X20-X20.1F:5,,0,1,外部连接,0.0,0.0,0.0
1253,1288,=Q15+K1.B1-A1:13,=A02+K1.B1-X20-X20.1F:6,,0,1,外部连接,0.0,0.0,0.0
1254,1289,=A02+K1.B1-X21-X21.6F:5,=Q15+K1.B1-W5(-P2):P2:2,,0,1,外部连接,0.0,0.0,0.0
1257,1292,=Q15+K1.B1-A1:14,=A02+K1.B1-X21-X21.6F:4,,0,1,外部连接,0.0,0.0,0.0
1259,1294,=Q15+K1.B1-V1:2.1,=Q15+K1.B1-W5(-P1):X1:9,,0,1,外部连接,0.0,0.0,0.0
1260,1295,=A02+K1.B1-W6(-P2):X1:6,=Q15+K1.B1-W5(-P2):X1:9,,0,1,外部连接,0.0,0.0,0.0
1261,1296,=S02+K1.H2-Q1:2,=S02+K1.H1-V1.1:1,,0,1,外部连接,0.0,0.0,0.0
1262,1297,=S02+K1.H2-Q1:1,=A02+K1.H2-W4:4L1,,0,1,外部连接,0.0,0.0,0.0
1263,1298,=S02+K1.H2-Q1:4,=S02+K1.H1-V1.2:1,,0,1,外部连接,0.0,0.0,0.0
1264,1299,=S02+K1.H2-Q1:3,=A02+K1.H2-W4:4L2,,0,1,外部连接,0.0,0.0,0.0
1265,1300,=S02+K1.H2-Q1:6,=S02+K1.H1-V1.3:1,,0,1,外部连接,0.0,0.0,0.0
1266,1301,=A02+K1.H2-W4:4L3,=S02+K1.H2-Q1:5,,0,1,外部连接,0.0,0.0,0.0
1267,1302,=S02+K1.H2-Q2:2,=S02+K1.H1-V2.1:1,,0,1,外部连接,0.0,0.0,0.0
1268,1303,=S02+K1.H2-Q2:1,=A02+K1.H2-W4:4L1,,0,1,外部连接,0.0,0.0,0.0
1269,1304,=S02+K1.H2-Q2:4,=S02+K1.H1-V2.2:1,,0,1,外部连接,0.0,0.0,0.0
1270,1305,=S02+K1.H2-Q2:3,=A02+K1.H2-W4:4L2,,0,1,外部连接,0.0,0.0,0.0
1271,1306,=S02+K1.H2-Q2:6,=S02+K1.H1-V2.3:1,,0,1,外部连接,0.0,0.0,0.0
1272,1307,=A02+K1.H2-W4:4L3,=S02+K1.H2-Q2:5,,0,1,外部连接,0.0,0.0,0.0
1273,1308,=S02+K1.H2-Q1:14,=S02+K1.B1-A1:1,,0,1,外部连接,0.0,0.0,0.0
1274,1309,=S02+K1.B1-W5(-P1):P1:2,=S02+K1.H2-Q1:13,,0,1,外部连接,0.0,0.0,0.0
1275,1310,=S02+K1.H2-Q2:14,=S02+K1.B1-A1:5,,0,1,外部连接,0.0,0.0,0.0
1276,1311,=S02+K1.B1-W5(-P1):P1:1,=S02+K1.H2-Q2:13,,0,1,外部连接,0.0,0.0,0.0
1277,1312,=A02+K1.H2-X6:13,=S02+K1.H1-V1.1:PE,,0,1,外部连接,0.0,0.0,0.0
1278,1313,=S02+K1.H1-V1.1:A2,=S02+K1.B1-W5(-P2):P2:2,,0,1,外部连接,0.0,0.0,0.0
1279,1314,=S02+K1.H1-V1.1:A1,=S02+K1.B1-A1:10,,0,1,外部连接,0.0,0.0,0.0
1280,1315,=A02+K1.H2-X6:14,=S02+K1.H1-V1.2:PE,,0,1,外部连接,0.0,0.0,0.0
1281,1316,=S02+K1.H1-V1.2:A2,=S02+K1.B1-W5(-P2):P2:2,,0,1,外部连接,0.0,0.0,0.0
1282,1317,=S02+K1.H1-V1.2:A1,=S02+K1.B1-A1:11,,0,1,外部连接,0.0,0.0,0.0
1283,1318,=A02+K1.H2-X6:13,=S02+K1.H1-V1.3:PE,,0,1,外部连接,0.0,0.0,0.0
1284,1319,=S02+K1.H1-V1.3:2,=S02+K1.H1-F1.3:1,,0,1,外部连接,0.0,0.0,0.0
1285,1320,=S02+K1.H1-V1.3:A2,=S02+K1.B1-W5(-P2):P2:2,,0,1,外部连接,0.0,0.0,0.0
1286,1321,=S02+K1.H1-V1.3:A1,=S02+K1.B1-A1:12,,0,1,外部连接,0.0,0.0,0.0
1287,1322,=S02+K1.B1-A1:12,=S02+K1.H1-V2.1:A1,,0,1,外部连接,0.0,0.0,0.0
1288,1323,=S02+K1.H1-V2.1:A1,=S02+K1.H1-V2.2:A1,,0,1,外部连接,0.0,0.0,0.0
1291,1326,=S02+K1.D2-X11:1,=S02+K1.D2-X11:1,,0,1,外部连接,0.0,0.0,0.0
1293,1328,=S02+K1.H1-F1.1:2,=S02+K1.D2-X11:1,,0,1,外部连接,0.0,0.0,0.0
1294,1329,=S02+K1.H1-F1.1:1,=S02+K1.H1-V1.1:2,,0,1,外部连接,0.0,0.0,0.0
1297,1332,=S02+K1.D2-X11:2,=S02+K1.D2-X11:2,,0,1,外部连接,0.0,0.0,0.0
1299,1334,=S02+K1.D2-X11:2,=S02+K1.H1-F1.2:2,,0,1,外部连接,0.0,0.0,0.0
1300,1335,=S02+K1.H1-F1.1:4,=S02+K1.D2-X12:1,,0,1,外部连接,0.0,0.0,0.0
1301,1336,=S02+K1.H1-F1.1:5,=S02+K1.H1-F1.1:3,,0,1,外部连接,0.0,0.0,0.0
1302,1337,=S02+K1.H1-F1.1:3,=S02+K1.H1-F1.1:1,,0,1,外部连接,0.0,0.0,0.0
1303,1338,=S02+K1.H1-F1.1:6,=S02+K1.D2-X13:1,,0,1,外部连接,0.0,0.0,0.0
1305,1340,=S02+K1.D2-X11:PE,=S02+K1.D2-X11:PE,,0,1,外部连接,0.0,0.0,0.0
1306,1341,=S02+K1.D2-X11:3,=S02+K1.D2-X11:3,,0,1,外部连接,0.0,0.0,0.0
1308,1343,=A02+K1.H2-X5:11,=S02+K1.D2-X11:3,,0,1,外部连接,0.0,0.0,0.0
1309,1344,=S02+K1.D2-X11:3,=S02+K1.D2-X11:4,,0,1,外部连接,0.0,0.0,0.0
1310,1345,=S02+K1.D2-X11:4,=S02+K1.D2-X21:4,,0,1,外部连接,0.0,0.0,0.0
1311,1346,=S02+K1.D2-X11:4,=S02+K1.D2-X11:4,,0,1,外部连接,0.0,0.0,0.0
1314,1349,=S02+K1.D2-X21:3,=S02+K1.D2-X21:3,,0,1,外部连接,0.0,0.0,0.0
1316,1351,=S02+K1.D2-X21:3,=S02+K1.H1-F1.3:2,,0,1,外部连接,0.0,0.0,0.0
1317,1352,=S02+K1.D2-X21:4,=S02+K1.D2-X21:4,,0,1,外部连接,0.0,0.0,0.0
1321,1356,=S02+K1.D2-X12:1,=S02+K1.D2-X12:1,,0,1,外部连接,0.0,0.0,0.0
1325,1360,=S02+K1.D2-X12:2,=S02+K1.D2-X12:2,,0,1,外部连接,0.0,0.0,0.0
1327,1362,=S02+K1.D2-X12:2,=S02+K1.H1-F1.2:4,,0,1,外部连接,0.0,0.0,0.0
1329,1364,=S02+K1.D2-X12:3,=S02+K1.D2-X12:3,,0,1,外部连接,0.0,0.0,0.0
1331,1366,=S02+K1.D2-X12:3,=S02+K1.H1-F1.3:4,,0,1,外部连接,0.0,0.0,0.0
1333,1368,=S02+K1.D2-X12:PE,=S02+K1.D2-X12:PE,,0,1,外部连接,0.0,0.0,0.0
1334,1369,=S02+K1.H1-F1.2:1,=S02+K1.H1-V1.2:2,,0,1,外部连接,0.0,0.0,0.0
1335,1370,=S02+K1.H1-F1.2:5,=S02+K1.H1-F1.2:3,,0,1,外部连接,0.0,0.0,0.0
1336,1371,=S02+K1.H1-F1.2:3,=S02+K1.H1-F1.2:1,,0,1,外部连接,0.0,0.0,0.0
1337,1372,=S02+K1.D2-X12:4,=S02+K1.D2-X12:4,,0,1,外部连接,0.0,0.0,0.0
1339,1374,=S02+K1.D2-X12:4,=S02+K1.D2-X12:5,,0,1,外部连接,0.0,0.0,0.0
1340,1375,=S02+K1.D2-X12:5,=S02+K1.D2-X12:6,,0,1,外部连接,0.0,0.0,0.0
1341,1376,=A02+K1.H2-X5:12,=S02+K1.D2-X12:6,,0,1,外部连接,0.0,0.0,0.0
1342,1377,=S02+K1.H1-F1.2:6,=S02+K1.D2-X13:2,,0,1,外部连接,0.0,0.0,0.0
1343,1378,=S02+K1.D2-X12:5,=S02+K1.D2-X12:5,,0,1,外部连接,0.0,0.0,0.0
1345,1380,=S02+K1.D2-X12:6,=S02+K1.D2-X12:6,,0,1,外部连接,0.0,0.0,0.0
1349,1384,=S02+K1.D2-X13:1,=S02+K1.D2-X13:1,,0,1,外部连接,0.0,0.0,0.0
1353,1388,=S02+K1.D2-X13:2,=S02+K1.D2-X13:2,,0,1,外部连接,0.0,0.0,0.0
1356,1391,=S02+K1.D2-X13:3,=S02+K1.D2-X13:3,,0,1,外部连接,0.0,0.0,0.0
1358,1393,=S02+K1.D2-X13:3,=S02+K1.H1-F1.3:6,,0,1,外部连接,0.0,0.0,0.0
1360,1395,=S02+K1.D2-X13:PE,=S02+K1.D2-X13:PE,,0,1,外部连接,0.0,0.0,0.0
1361,1396,=S02+K1.D2-X13:4,=S02+K1.D2-X13:4,,0,1,外部连接,0.0,0.0,0.0
1363,1398,=S02+K1.D2-X13:4,=S02+K1.D2-X13:5,,0,1,外部连接,0.0,0.0,0.0
1364,1399,=S02+K1.D2-X13:5,=S02+K1.D2-X13:6,,0,1,外部连接,0.0,0.0,0.0
1365,1400,=A02+K1.H2-X5:13,=S02+K1.D2-X13:6,,0,1,外部连接,0.0,0.0,0.0
1366,1401,=S02+K1.H1-F1.3:5,=S02+K1.H1-F1.3:3,,0,1,外部连接,0.0,0.0,0.0
1367,1402,=S02+K1.H1-F1.3:3,=S02+K1.H1-F1.3:1,,0,1,外部连接,0.0,0.0,0.0
1368,1403,=S02+K1.D2-X13:5,=S02+K1.D2-X13:5,,0,1,外部连接,0.0,0.0,0.0
1370,1405,=S02+K1.D2-X13:6,=S02+K1.D2-X13:6,,0,1,外部连接,0.0,0.0,0.0
1372,1407,=S02+K1.H1-F1.1:m4,=S02+K1.B1-A1:2,,0,1,外部连接,0.0,0.0,0.0
1373,1408,=S02+K1.B1-W5(-P1):P1:2,=S02+K1.H1-F1.1:m3,,0,1,外部连接,0.0,0.0,0.0
1374,1409,=S02+K1.H1-F1.2:14,=S02+K1.B1-A1:3,,0,1,外部连接,0.0,0.0,0.0
1375,1410,=S02+K1.B1-W5(-P1):P1:1,=S02+K1.H1-F1.2:13,,0,1,外部连接,0.0,0.0,0.0
1376,1411,=S02+K1.H1-F1.3:14,=S02+K1.B1-A1:4,,0,1,外部连接,0.0,0.0,0.0
1377,1412,=S02+K1.B1-A1:4,=S02+K1.H1-F2.1:14,,0,1,外部连接,0.0,0.0,0.0
1378,1413,=S02+K1.H1-F2.1:14,=S02+K1.H1-F2.2:14,,0,1,外部连接,0.0,0.0,0.0
1379,1414,=S02+K1.B1-W5(-P1):P1:2,=S02+K1.H1-F1.3:13,,0,1,外部连接,0.0,0.0,0.0
1380,1415,=S02+K1.B1-W5(-P1):P1:2,=S02+K1.H1-F2.1:13,,0,1,外部连接,0.0,0.0,0.0
1381,1416,=S02+K1.B1-W5(-P1):P1:1,=S02+K1.H1-F2.2:13,,0,1,外部连接,0.0,0.0,0.0
1382,1417,=A02+K1.H2-X6:16,=S02+K1.H1-V2.1:PE,,0,1,外部连接,0.0,0.0,0.0
1383,1418,=S02+K1.H1-V2.1:A2,=S02+K1.B1-W5(-P2):P2:2,,0,1,外部连接,0.0,0.0,0.0
1384,1419,=A02+K1.H2-X6:13,=S02+K1.H1-V2.2:PE,,0,1,外部连接,0.0,0.0,0.0
1385,1420,=S02+K1.H1-V2.2:A2,=S02+K1.B1-W5(-P2):P2:2,,0,1,外部连接,0.0,0.0,0.0
1388,1423,=S02+K1.D2-X21:1,=S02+K1.D2-X21:1,,0,1,外部连接,0.0,0.0,0.0
1390,1425,=S02+K1.H1-F2.1:2,=S02+K1.D2-X21:1,,0,1,外部连接,0.0,0.0,0.0
1391,1426,=S02+K1.H1-F2.1:1,=S02+K1.H1-V2.1:2,,0,1,外部连接,0.0,0.0,0.0
1394,1429,=S02+K1.D2-X21:2,=S02+K1.D2-X21:2,,0,1,外部连接,0.0,0.0,0.0
1396,1431,=S02+K1.D2-X21:2,=S02+K1.H1-F2.2:2,,0,1,外部连接,0.0,0.0,0.0
1397,1432,=S02+K1.H1-F2.1:4,=S02+K1.D2-X22:1,,0,1,外部连接,0.0,0.0,0.0
1398,1433,=S02+K1.H1-F2.1:5,=S02+K1.H1-F2.1:3,,0,1,外部连接,0.0,0.0,0.0
1399,1434,=S02+K1.H1-F2.1:3,=S02+K1.H1-F2.1:1,,0,1,外部连接,0.0,0.0,0.0
1400,1435,=S02+K1.H1-F2.1:6,=S02+K1.D2-X22:3,,0,1,外部连接,0.0,0.0,0.0
1402,1437,=S02+K1.D2-X21:PE,=S02+K1.D2-X21:PE,,0,1,外部连接,0.0,0.0,0.0
1403,1438,=S02+K1.D2-X21:5,=S02+K1.D2-X21:5,,0,1,外部连接,0.0,0.0,0.0
1405,1440,=S02+K1.D2-X21:5,=S02+K1.D2-X21:6,,0,1,外部连接,0.0,0.0,0.0
1406,1441,=A02+K1.H2-X5:14,=S02+K1.D2-X21:6,,0,1,外部连接,0.0,0.0,0.0
1407,1442,=S02+K1.D2-X21:6,=S02+K1.D2-X21:6,,0,1,外部连接,0.0,0.0,0.0
1409,1444,=S02+K1.H1-F2.2:1,=S02+K1.H1-V2.2:2,,0,1,外部连接,0.0,0.0,0.0
1410,1445,=S02+K1.H1-F2.2:5,=S02+K1.H1-F2.2:3,,0,1,外部连接,0.0,0.0,0.0
1411,1446,=S02+K1.H1-F2.2:3,=S02+K1.H1-F2.2:1,,0,1,外部连接,0.0,0.0,0.0
1412,1447,=S02+K1.H1-F2.2:5,=S02+K1.H1-F2.2:7,,0,1,外部连接,0.0,0.0,0.0
1415,1450,=S02+K1.D2-X22:1,=S02+K1.D2-X22:1,,0,1,外部连接,0.0,0.0,0.0
1418,1453,=S02+K1.D2-X22:PE,=S02+K1.D2-X22:PE,,0,1,外部连接,0.0,0.0,0.0
1419,1454,=S02+K1.D2-X22:2,=S02+K1.D2-X22:2,,0,1,外部连接,0.0,0.0,0.0
1421,1456,=A02+K1.H2-X5:15,=S02+K1.D2-X22:2,,0,1,外部连接,0.0,0.0,0.0
1424,1459,=S02+K1.D2-X22:3,=S02+K1.D2-X22:3,,0,1,外部连接,0.0,0.0,0.0
1428,1463,=S02+K1.D2-X22:4,=S02+K1.D2-X22:4,,0,1,外部连接,0.0,0.0,0.0
1430,1465,=A02+K1.H2-X5:16,=S02+K1.D2-X22:4,,0,1,外部连接,0.0,0.0,0.0
1431,1466,=A02+K1.H2-X6:13,=S02+K1.H1-V2.3:PE,,0,1,外部连接,0.0,0.0,0.0
1432,1467,=S02+K1.H1-V2.3:A2,=S02+K1.B1-W5(-P2):P2:1,,0,1,外部连接,0.0,0.0,0.0
1433,1468,=S02+K1.H1-V2.3:A1,=S02+K1.B1-A1:14,,0,1,外部连接,0.0,0.0,0.0
1436,1471,=S02+K1.D2-X31:1,=S02+K1.D2-X31:1,,0,1,外部连接,0.0,0.0,0.0
1438,1473,=S02+K1.H1-F2.3:2,=S02+K1.D2-X31:1,,0,1,外部连接,0.0,0.0,0.0
1439,1474,=S02+K1.H1-F2.3:1,=S02+K1.H1-V2.3:2,,0,1,外部连接,0.0,0.0,0.0
1440,1475,=S02+K1.H1-F2.3:4,=S02+K1.D2-X31:3,,0,1,外部连接,0.0,0.0,0.0
1441,1476,=S02+K1.H1-F2.3:5,=S02+K1.H1-F2.3:3,,0,1,外部连接,0.0,0.0,0.0
1442,1477,=S02+K1.H1-F2.3:3,=S02+K1.H1-F2.3:1,,0,1,外部连接,0.0,0.0,0.0
1443,1478,=S02+K1.H1-F2.3:5,=S02+K1.H1-F2.3:7,,0,1,外部连接,0.0,0.0,0.0
1445,1480,=S02+K1.D2-X31:PE,=S02+K1.D2-X31:PE,,0,1,外部连接,0.0,0.0,0.0
1446,1481,=S02+K1.D2-X31:2,=S02+K1.D2-X31:2,,0,1,外部连接,0.0,0.0,0.0
1448,1483,=A02+K1.H2-X5:17,=S02+K1.D2-X31:2,,0,1,外部连接,0.0,0.0,0.0
1451,1486,=S02+K1.D2-X31:3,=S02+K1.D2-X31:3,,0,1,外部连接,0.0,0.0,0.0
1455,1490,=S02+K1.D2-X31:4,=S02+K1.D2-X31:4,,0,1,外部连接,0.0,0.0,0.0
1457,1492,=A02+K1.H2-X5:18,=S02+K1.D2-X31:4,,0,1,外部连接,0.0,0.0,0.0
1458,1493,=S02+K1.H1-F2.3:14,=S02+K1.B1-A1:6,,0,1,外部连接,0.0,0.0,0.0
1459,1494,=S02+K1.B1-W5(-P1):P1:1,=S02+K1.H1-F2.3:13,,0,1,外部连接,0.0,0.0,0.0
1464,1499,=S02+K1.B1-V1:2.1,=S02+K1.B1-W5(-P1):X1:9,,0,1,外部连接,0.0,0.0,0.0
1465,1500,=A02+K1.B1-W6(-P2):X2:2,=S02+K1.B1-W5(-P2):X1:9,,0,1,外部连接,0.0,0.0,0.0
1466,1501,=V01+K1.D2-X11:1,=V01+K1.D2-X11:1,,0,1,外部连接,0.0,0.0,0.0
1468,1503,=V01+K1.H1-K1:2,=V01+K1.D2-X11:1,,0,1,外部连接,0.0,0.0,0.0
1469,1504,=V01+K1.H2-Q1:T1,=V01+K1.H1-K1:1,,0,1,外部连接,0.0,0.0,0.0
1470,1505,=V01+K1.H2-Q1:L1,=A02+K1.H2-W1:1L1,,0,1,外部连接,0.0,0.0,0.0
1471,1506,=V01+K1.D2-X11:2,=V01+K1.D2-X11:2,,0,1,外部连接,0.0,0.0,0.0
1473,1508,=V01+K1.H1-K1:4,=V01+K1.D2-X11:2,,0,1,外部连接,0.0,0.0,0.0
1474,1509,=V01+K1.H2-Q1:T2,=V01+K1.H1-K1:3,,0,1,外部连接,0.0,0.0,0.0
1475,1510,=A02+K1.H2-W1:1L2,=V01+K1.H2-Q1:L2,,0,1,外部连接,0.0,0.0,0.0
1476,1511,=V01+K1.D2-X11:3,=V01+K1.D2-X11:3,,0,1,外部连接,0.0,0.0,0.0
1478,1513,=V01+K1.H1-K1:6,=V01+K1.D2-X11:3,,0,1,外部连接,0.0,0.0,0.0
1479,1514,=V01+K1.H2-Q1:T3,=V01+K1.H1-K1:5,,0,1,外部连接,0.0,0.0,0.0
1480,1515,=A02+K1.H2-W1:1L3,=V01+K1.H2-Q1:L3,,0,1,外部连接,0.0,0.0,0.0
1482,1517,=V01+K1.D2-X11:PE,=V01+K1.D2-X11:PE,,0,1,外部连接,0.0,0.0,0.0
1483,1518,=A02+K1.H2-X6:PE:2,=V01+K1.D2-X11:PE,,0,1,外部连接,0.0,0.0,0.0
1484,1519,=V01+K1.H1-K1:A2,=V01+K1.B1-W5(-P2):P2:1,,0,1,外部连接,0.0,0.0,0.0
1485,1520,=V01+K1.H2-Q1:14,=V01+K1.H1-K1:A1,,0,1,外部连接,0.0,0.0,0.0
1486,1521,=V01+K1.B1-A1:1,=V01+K1.H2-Q1:13,,0,1,外部连接,0.0,0.0,0.0
1487,1522,=V01+K1.H1-K1:14,=V01+K1.B1-A3:1,,0,1,外部连接,0.0,0.0,0.0
1488,1523,=V01+K1.B1-W5(-P1):P1:2,=V01+K1.H1-K1:13,,0,1,外部连接,0.0,0.0,0.0
1489,1524,=V01+K1.D2-X12:1,=V01+K1.D2-X12:1,,0,1,外部连接,0.0,0.0,0.0
1491,1526,=V01+K1.H2-Q2:T1,=V01+K1.D2-X12:1,,0,1,外部连接,0.0,0.0,0.0
1492,1527,=A02+K1.H2-W1:1L1,=V01+K1.H2-Q2:L1,,0,1,外部连接,0.0,0.0,0.0
1493,1528,=V01+K1.D2-X12:2,=V01+K1.D2-X12:2,,0,1,外部连接,0.0,0.0,0.0
1495,1530,=V01+K1.H2-Q2:T2,=V01+K1.D2-X12:2,,0,1,外部连接,0.0,0.0,0.0
1496,1531,=A02+K1.H2-W1:1L2,=V01+K1.H2-Q2:L2,,0,1,外部连接,0.0,0.0,0.0
1497,1532,=V01+K1.D2-X12:3,=V01+K1.D2-X12:3,,0,1,外部连接,0.0,0.0,0.0
1499,1534,=V01+K1.H2-Q2:T3,=V01+K1.D2-X12:3,,0,1,外部连接,0.0,0.0,0.0
1500,1535,=A02+K1.H2-W1:1L3,=V01+K1.H2-Q2:L3,,0,1,外部连接,0.0,0.0,0.0
1502,1537,=V01+K1.D2-X12:PE,=V01+K1.D2-X12:PE,,0,1,外部连接,0.0,0.0,0.0
1503,1538,=A02+K1.H2-X6:20:2,=V01+K1.D2-X12:PE,,0,1,外部连接,0.0,0.0,0.0
1504,1539,=V01+K1.D2-X12:4,=V01+K1.D2-X12:4,,0,1,外部连接,0.0,0.0,0.0
1506,1541,=V01+K1.B1-K50:44,=V01+K1.D2-X12:4,,0,1,外部连接,0.0,0.0,0.0
1507,1542,=V01+K1.H2-F1:2,=V01+K1.B1-K50:43,,0,1,外部连接,0.0,0.0,0.0
1508,1543,=A01+K1.H2-W0:L1,=V01+K1.H2-F1:1,,0,1,外部连接,0.0,0.0,0.0
1510,1545,=V01+K1.D2-X12:5,=V01+K1.D2-X12:5,,0,1,外部连接,0.0,0.0,0.0
1511,1546,=A02+K1.H2-X5:4:2,=V01+K1.D2-X12:5,,0,1,外部连接,0.0,0.0,0.0
1513,1548,=V01+K1.B1-K50:34,=A02+K1.B1-X22-X22.3F:14,,0,1,外部连接,0.0,0.0,0.0
1515,1550,=V01+K1.B1-K51:11,=A02+K1.B1-X22-X22.3F:15,,0,1,外部连接,0.0,0.0,0.0
1518,1553,=V01+K1.B1-W5(-P1):P1:1,=A02+K1.B1-X22-X22.3F:17,,0,1,外部连接,0.0,0.0,0.0
1520,1555,=V01+K1.B1-K53:A1,=A02+K1.B1-X22-X22.3F:18,,0,1,外部连接,0.0,0.0,0.0
1521,1556,=V01+K1.B1-W5(-P2):P2,=V01+K1.B1-K53:A2,,0,1,外部连接,0.0,0.0,0.0
1522,1557,=V01+K1.B1-W5(-P1):P1:2,=V01+K1.B1-A3:2,,0,1,外部连接,0.0,0.0,0.0
1523,1558,=V01+K1.H2-Q2:14,=V01+K1.B1-K53:12,,0,1,外部连接,0.0,0.0,0.0
1524,1559,=V01+K1.B1-A1:2,=V01+K1.H2-Q2:13,,0,1,外部连接,0.0,0.0,0.0
1525,1560,=V01+K1.B1-K50:1,=V01+K1.B1-W5(-P2):P2:1,,0,1,外部连接,0.0,0.0,0.0
1526,1561,=V01+K1.B1-K53:11,=V01+K1.B1-K50:0,,0,1,外部连接,0.0,0.0,0.0
1527,1562,=V01+K1.B1-K51:A2,=V01+K1.B1-W5(-P2):P2:1,,0,1,外部连接,0.0,0.0,0.0
1528,1563,=V01+K1.B1-A1:14,=V01+K1.B1-K51:A1,,0,1,外部连接,0.0,0.0,0.0
1529,1564,=V01+K1.B1-K50:54,=V01+K1.B1-A3:3,,0,1,外部连接,0.0,0.0,0.0
1530,1565,=V01+K1.B1-W5(-P1):P1:1,=V01+K1.B1-K50:53,,0,1,外部连接,0.0,0.0,0.0
1531,1567,=V01+K1.B1-K50:33,=V01+K1.B1-K51:14,,0,1,外部连接,0.0,0.0,0.0
1532,1568,=V01+K1.B1-K51:14,=A02+K1.B1-X22-X22.3F:16,,0,1,外部连接,0.0,0.0,0.0
1533,1569,=V01+K1.D2-X17:1,=V01+K1.D2-X17:1,,0,1,外部连接,0.0,0.0,0.0
1535,1571,=V01+K1.H2-F3.1:2,=V01+K1.D2-X17:1,,0,1,外部连接,0.0,0.0,0.0
1536,1572,=V01+K1.H2-F3.1:1,=A01+K1.H2-W0:L1,,0,1,外部连接,0.0,0.0,0.0
1537,1573,=V01+K1.D2-X17:2,=V01+K1.D2-X17:2,,0,1,外部连接,0.0,0.0,0.0
1539,1575,=A02+K1.H2-X5:13:2,=V01+K1.D2-X17:2,,0,1,外部连接,0.0,0.0,0.0
1540,1576,=V01+K1.D2-X17:3,=V01+K1.D2-X17:3,,0,1,外部连接,0.0,0.0,0.0
1542,1578,=A02+K1.H2-X6:19:2,=V01+K1.D2-X17:3,,0,1,外部连接,0.0,0.0,0.0
1544,1580,=V01+K1.D2-X17:4,=V01+K1.D2-X17:4,,0,1,外部连接,0.0,0.0,0.0
1546,1582,=V01+K1.H2-F3.2:2,=V01+K1.D2-X17:4,,0,1,外部连接,0.0,0.0,0.0
1547,1583,=A01+K1.H2-W0:L2,=V01+K1.H2-F3.2:1,,0,1,外部连接,0.0,0.0,0.0
1548,1584,=V01+K1.D2-X17:5,=V01+K1.D2-X17:5,,0,1,外部连接,0.0,0.0,0.0
1550,1586,=A02+K1.H2-X5:13:2,=V01+K1.D2-X17:5,,0,1,外部连接,0.0,0.0,0.0
1551,1587,=V01+K1.D2-X17:6,=V01+K1.D2-X17:6,,0,1,外部连接,0.0,0.0,0.0
1553,1589,=A02+K1.H2-X6:19:2,=V01+K1.D2-X17:6,,0,1,外部连接,0.0,0.0,0.0
1555,1591,=V01+K1.D2-X18:1,=V01+K1.D2-X18:1,,0,1,外部连接,0.0,0.0,0.0
1557,1593,=V01+K1.H2-F3.3:2,=V01+K1.D2-X18:1,,0,1,外部连接,0.0,0.0,0.0
1558,1594,=A01+K1.H2-W0:L3,=V01+K1.H2-F3.3:1,,0,1,外部连接,0.0,0.0,0.0
1559,1595,=V01+K1.D2-X18:2,=V01+K1.D2-X18:2,,0,1,外部连接,0.0,0.0,0.0
1561,1597,=A02+K1.H2-X5:13:2,=V01+K1.D2-X18:2,,0,1,外部连接,0.0,0.0,0.0
1562,1598,=V01+K1.D2-X18:3,=V01+K1.D2-X18:3,,0,1,外部连接,0.0,0.0,0.0
1564,1600,=A02+K1.H2-X6:19:2,=V01+K1.D2-X18:3,,0,1,外部连接,0.0,0.0,0.0
1575,1613,=A02+K1.B1-X22-X22.1F:5,=V01+K1.B1-W6(-P1):X1:2,,0,1,外部连接,0.0,0.0,0.0
1577,1615,=A02+K1.B1-X22-X22.1F:6,=V01+K1.B1-A3:6,,0,1,外部连接,0.0,0.0,0.0
1579,1617,=A02+K1.B1-X22-X22.1F:7,=V01+K1.B1-W6(-P2):X1:2,,0,1,外部连接,0.0,0.0,0.0
1581,1619,=A02+K1.B1-X22-X22.1F:8,=V01+K1.B1-W6(-P1):X1:4,,0,1,外部连接,0.0,0.0,0.0
1583,1621,=A02+K1.B1-X22-X22.1F:9,=V01+K1.B1-A3:9,,0,1,外部连接,0.0,0.0,0.0
1585,1623,=A02+K1.B1-X22-X22.1F:10,=V01+K1.B1-W6(-P2):X1:4,,0,1,外部连接,0.0,0.0,0.0
1587,1625,=A02+K1.B1-X22-X21.1F:20,=V01+K1.B1-W6(-P1):X1:4,,0,1,外部连接,0.0,0.0,0.0
1589,1627,=A02+K1.B1-X22-X21.1F:21,=V01+K1.B1-A5:3,,0,1,外部连接,0.0,0.0,0.0
1591,1629,=A02+K1.B1-X22-X21.1F:22,=V01+K1.B1-W6(-P2):X1:4,,0,1,外部连接,0.0,0.0,0.0
1593,1631,=V01+K1.D2-X16:1,=V01+K1.D2-X16:1,,0,1,外部连接,0.0,0.0,0.0
1595,1633,=V01+K1.H2-Q4:T1,=V01+K1.D2-X16:1,,0,1,外部连接,0.0,0.0,0.0
1596,1634,=A02+K1.H2-W1:1L1,=V01+K1.H2-Q4:L1,,0,1,外部连接,0.0,0.0,0.0
1597,1635,=V01+K1.D2-X16:2,=V01+K1.D2-X16:2,,0,1,外部连接,0.0,0.0,0.0
1599,1637,=V01+K1.H2-Q4:T2,=V01+K1.D2-X16:2,,0,1,外部连接,0.0,0.0,0.0
1600,1638,=A02+K1.H2-W1:1L2,=V01+K1.H2-Q4:L2,,0,1,外部连接,0.0,0.0,0.0
1601,1639,=V01+K1.D2-X16:3,=V01+K1.D2-X16:3,,0,1,外部连接,0.0,0.0,0.0
1603,1641,=V01+K1.H2-Q4:T3,=V01+K1.D2-X16:3,,0,1,外部连接,0.0,0.0,0.0
1604,1642,=A02+K1.H2-W1:1L3,=V01+K1.H2-Q4:L3,,0,1,外部连接,0.0,0.0,0.0
1606,1644,=V01+K1.D2-X16:PE,=V01+K1.D2-X16:PE,,0,1,外部连接,0.0,0.0,0.0
1607,1645,=A02+K1.H2-X6:PE:2,=V01+K1.D2-X16:PE,,0,1,外部连接,0.0,0.0,0.0
1611,1649,=V01+K1.B1-K4:11,=A02+K1.B1-X22-X22.1F:15,,0,1,外部连接,0.0,0.0,0.0
1612,1650,=V01+K1.B1-K4:14,=A02+K1.B1-X22-X22.1F:16,,0,1,外部连接,0.0,0.0,0.0
1613,1651,=V01+K1.B1-K4:A2,=V01+K1.B1-W5(-P2):P2:2,,0,1,外部连接,0.0,0.0,0.0
1614,1652,=V01+K1.B1-A1:5,=V01+K1.B1-K4:A1,,0,1,外部连接,0.0,0.0,0.0
1617,1655,=V01+K1.B1-K5:11,=A02+K1.B1-X22-X22.1F:17,,0,1,外部连接,0.0,0.0,0.0
1618,1656,=V01+K1.B1-K5:14,=V01+K1.B1-K6:14,,0,1,外部连接,0.0,0.0,0.0
1619,1657,=V01+K1.B1-K6:14,=V01+K1.B1-K7:A2,,0,1,外部连接,0.0,0.0,0.0
1620,1658,=V01+K1.B1-K7:A2,=A02+K1.B1-X22-X22.1F:19,,0,1,外部连接,0.0,0.0,0.0
1621,1659,=V01+K1.B1-K5:A2,=V01+K1.B1-W5(-P2):P2:2,,0,1,外部连接,0.0,0.0,0.0
1622,1660,=V01+K1.B1-A2:1,=V01+K1.B1-K5:A1,,0,1,外部连接,0.0,0.0,0.0
1624,1662,=V01+K1.B1-K6:11,=A02+K1.B1-X22-X22.1F:18,,0,1,外部连接,0.0,0.0,0.0
1625,1663,=V01+K1.B1-K6:A2,=V01+K1.B1-W5(-P2):P2:2,,0,1,外部连接,0.0,0.0,0.0
1626,1664,=V01+K1.B1-A2:2,=V01+K1.B1-K6:A1,,0,1,外部连接,0.0,0.0,0.0
1628,1666,=V01+K1.B1-K7:A1,=V01+K1.B1-K8:A1,,0,1,外部连接,0.0,0.0,0.0
1629,1667,=V01+K1.B1-K8:A1,=A02+K1.B1-X22-X22.1F:21,,0,1,外部连接,0.0,0.0,0.0
1630,1668,=V01+K1.B1-K7:11,=V01+K1.B1-A3:10,,0,1,外部连接,0.0,0.0,0.0
1631,1669,=V01+K1.B1-W5(-P1):P1,=V01+K1.B1-K7:14,,0,1,外部连接,0.0,0.0,0.0
1633,1671,=V01+K1.B1-K8:A2,=A02+K1.B1-X22-X22.1F:20,,0,1,外部连接,0.0,0.0,0.0
1635,1673,=V01+K1.B1-K8:11,=V01+K1.B1-A3:11,,0,1,外部连接,0.0,0.0,0.0
1636,1674,=V01+K1.B1-W5(-P1):P1,=V01+K1.B1-K8:14,,0,1,外部连接,0.0,0.0,0.0
1638,1676,=A02+K1.H2-X6:PE:2,=A02+K1.B1-X22-X22.1F:22,,0,1,外部连接,0.0,0.0,0.0
1639,1677,=A02+K1.B1-X22-X22.2F:1,=V01+K1.B1-W6(-P1):P1,,0,1,外部连接,0.0,0.0,0.0
1641,1679,=V01+K1.B1-W6(-P2):P2,=A02+K1.B1-X22-X22.2F:2,,0,1,外部连接,0.0,0.0,0.0
1643,1681,=A02+K1.B1-X22-X22.2F:3,=V01+K1.B1-A6:1,,0,1,外部连接,0.0,0.0,0.0
1645,1683,=A02+K1.B1-X22-X22.2F:4,=V01+K1.B1-A6:2,,0,1,外部连接,0.0,0.0,0.0
1648,1686,=A02+K1.B1-X22-X22.2F:5,=V01+K1.B1-A3:12,,0,1,外部连接,0.0,0.0,0.0
1650,1688,=A02+K1.B1-X22-X22.2F:6,=V01+K1.B1-W6(-P1):P1,,0,1,外部连接,0.0,0.0,0.0
1653,1691,=A02+K1.B1-X22-X22.2F:7,=V01+K1.B1-W6(-P1):P1,,0,1,外部连接,0.0,0.0,0.0
1655,1693,=V01+K1.B1-W6(-P2):P2,=A02+K1.B1-X22-X22.2F:8,,0,1,外部连接,0.0,0.0,0.0
1657,1695,=A02+K1.B1-X22-X22.2F:9,=V01+K1.B1-A6:5,,0,1,外部连接,0.0,0.0,0.0
1659,1697,=A02+K1.B1-X22-X22.2F:10,=V01+K1.B1-A6:6,,0,1,外部连接,0.0,0.0,0.0
1663,1701,=A02+K1.B1-X22-X22.2F:11,=V01+K1.B1-W6(-P1):P1,,0,1,外部连接,0.0,0.0,0.0
1665,1703,=A02+K1.B1-X22-X22.2F:12,=V01+K1.B1-W6(-P2):P2,,0,1,外部连接,0.0,0.0,0.0
1667,1705,=A02+K1.B1-X22-X22.2F:13,=V01+K1.B1-A6:3,,0,1,外部连接,0.0,0.0,0.0
1669,1707,=A02+K1.B1-X22-X22.2F:14,=V01+K1.B1-A6:4,,0,1,外部连接,0.0,0.0,0.0
1673,1711,=A02+K1.B1-X22-X22.2F:15,=V01+K1.B1-W6(-P1):P1,,0,1,外部连接,0.0,0.0,0.0
1675,1713,=A02+K1.B1-X22-X22.2F:16,=V01+K1.B1-W6(-P2):P2,,0,1,外部连接,0.0,0.0,0.0
1677,1715,=A02+K1.B1-X22-X22.2F:17,=V01+K1.B1-A6:7,,0,1,外部连接,0.0,0.0,0.0
1679,1717,=A02+K1.B1-X22-X22.2F:18,=V01+K1.B1-A6:8,,0,1,外部连接,0.0,0.0,0.0
1683,1721,=A02+K1.B1-X22-X22.2F:19,=V01+K1.B1-W6(-P1):P1,,0,1,外部连接,0.0,0.0,0.0
1685,1723,=V01+K1.B1-W6(-P2):P2,=A02+K1.B1-X22-X22.2F:20,,0,1,外部连接,0.0,0.0,0.0
1687,1725,=A02+K1.B1-X22-X22.2F:21,=V01+K1.B1-A7:1,,0,1,外部连接,0.0,0.0,0.0
1689,1727,=A02+K1.B1-X22-X22.2F:22,=V01+K1.B1-A7:2,,0,1,外部连接,0.0,0.0,0.0
1692,1730,=A02+K1.B1-K21:34,=A02+K1.B1-X22-X22.2F:23,,0,1,外部连接,0.0,0.0,0.0
1693,1731,=A02+K1.B1-K21:34,=A02+K1.B1-X22-X22.3F:3,,0,1,外部连接,0.0,0.0,0.0
1697,1735,=V01+K1.B1-W6(-P1):P1,=A02+K1.B1-X22-X22.3F:1,,0,1,外部连接,0.0,0.0,0.0
1699,1737,=A02+K1.B1-X22-X22.3F:2,=V01+K1.B1-W6(-P2):P2,,0,1,外部连接,0.0,0.0,0.0
1704,1743,=A02+K1.B1-X22-X22.3F:5,=V01+K1.B1-A7:5,,0,1,外部连接,0.0,0.0,0.0
1706,1745,=A02+K1.B1-X22-X22.3F:6,=V01+K1.B1-A7:6,,0,1,外部连接,0.0,0.0,0.0
1709,1748,=V01+K1.B1-K35:11,=V01+K1.B1-W6(-P2):X1:5,,0,1,外部连接,0.0,0.0,0.0
1710,1749,=A02+K1.B1-X22-X22.3F:7,=V01+K1.B1-K35:14,,0,1,外部连接,0.0,0.0,0.0
1712,1751,=V01+K1.B1-K36:11,=V01+K1.B1-W6(-P2):X1:6,,0,1,外部连接,0.0,0.0,0.0
1713,1752,=A02+K1.B1-X22-X22.3F:8,=V01+K1.B1-K36:14,,0,1,外部连接,0.0,0.0,0.0
1715,1754,=V01+K1.B1-K37:11,=V01+K1.B1-W6(-P2):X1:7,,0,1,外部连接,0.0,0.0,0.0
1716,1755,=A02+K1.B1-X22-X22.3F:9,=V01+K1.B1-K37:14,,0,1,外部连接,0.0,0.0,0.0
1718,1757,=A02+K1.B1-X22-X22.3F:10,=V01+K1.B1-W6(-P2):X1:8,,0,1,外部连接,0.0,0.0,0.0
1720,1759,=V01+K1.B1-K38:A1,=V01+K1.B1-W6(-P1):X1:6,,0,1,外部连接,0.0,0.0,0.0
1721,1760,=A02+K1.B1-X22-X22.3F:11,=V01+K1.B1-K38:A2,,0,1,外部连接,0.0,0.0,0.0
1723,1762,=V01+K1.B1-K39:A1,=V01+K1.B1-W6(-P1):X1:7,,0,1,外部连接,0.0,0.0,0.0
1724,1763,=A02+K1.B1-X22-X22.3F:12,=V01+K1.B1-K39:A2,,0,1,外部连接,0.0,0.0,0.0
1726,1765,=A02+K1.B1-X22-X22.3F:13,=V01+K1.B1-W6(-P1):X1:8,,0,1,外部连接,0.0,0.0,0.0
1729,1768,=V01+K1.B1-K35:A2,=V01+K1.B1-W5(-P2):X1:7,,0,1,外部连接,0.0,0.0,0.0
1730,1769,=V01+K1.B1-A1:6,=V01+K1.B1-K35:A1,,0,1,外部连接,0.0,0.0,0.0
1731,1770,=V01+K1.B1-K38:11,=V01+K1.B1-A3:15,,0,1,外部连接,0.0,0.0,0.0
1732,1771,=V01+K1.B1-W5(-P1):X1:3,=V01+K1.B1-K38:14,,0,1,外部连接,0.0,0.0,0.0
1733,1772,=V01+K1.B1-K36:A2,=V01+K1.B1-W5(-P2):X1:8,,0,1,外部连接,0.0,0.0,0.0
1734,1773,=V01+K1.B1-A1:7,=V01+K1.B1-K36:A1,,0,1,外部连接,0.0,0.0,0.0
1735,1774,=V01+K1.B1-K39:11,=V01+K1.B1-A3:16,,0,1,外部连接,0.0,0.0,0.0
1736,1775,=V01+K1.B1-W5(-P1):X1:4,=V01+K1.B1-K39:14,,0,1,外部连接,0.0,0.0,0.0
1737,1776,=V01+K1.B1-K37:A2,=V01+K1.B1-W5(-P2):X2:1,,0,1,外部连接,0.0,0.0,0.0
1738,1777,=V01+K1.B1-A1:8,=V01+K1.B1-K37:A1,,0,1,外部连接,0.0,0.0,0.0
1739,1778,=A02+K1.B1-X22-X22.6F:23,=V01+K1.B1-W6(-P2):P2,,0,1,外部连接,0.0,0.0,0.0
1742,1781,=V01+K1.B1-A2:3,=A02+K1.B1-X22-X22.6F:22,,0,1,外部连接,0.0,0.0,0.0
1744,1783,=A02+K1.B1-X22-X22.4F:2,=V01+K1.B1-W6(-P2):P2,,0,1,外部连接,0.0,0.0,0.0
1747,1786,=V01+K1.B1-A2:4,=A02+K1.B1-X22-X22.4F:1,,0,1,外部连接,0.0,0.0,0.0
1749,1788,=A02+K1.B1-X22-X22.4F:5,=V01+K1.B1-A4:1,,0,1,外部连接,0.0,0.0,0.0
1752,1791,=V01+K1.B1-W6(-P1):P1,=A02+K1.B1-X22-X22.4F:4,,0,1,外部连接,0.0,0.0,0.0
1753,1792,=A02+K1.B1-X22-X22.4F:7,=V01+K1.B1-A4:2,,0,1,外部连接,0.0,0.0,0.0
1756,1795,=V01+K1.B1-W6(-P1):P1,=A02+K1.B1-X22-X22.4F:6,,0,1,外部连接,0.0,0.0,0.0
1757,1796,=A02+K1.B1-X22-X22.4F:9,=V01+K1.B1-W6(-P2):P2,,0,1,外部连接,0.0,0.0,0.0
1760,1799,=V01+K1.B1-A2:5,=A02+K1.B1-X22-X22.4F:8,,0,1,外部连接,0.0,0.0,0.0
1762,1801,=A02+K1.B1-X22-X22.4F:12,=V01+K1.B1-A4:3,,0,1,外部连接,0.0,0.0,0.0
1765,1804,=V01+K1.B1-W6(-P1):P1,=A02+K1.B1-X22-X22.4F:11,,0,1,外部连接,0.0,0.0,0.0
1766,1805,=A02+K1.B1-X22-X22.4F:14,=V01+K1.B1-A4:4,,0,1,外部连接,0.0,0.0,0.0
1769,1808,=V01+K1.B1-W6(-P1):P1,=A02+K1.B1-X22-X22.4F:13,,0,1,外部连接,0.0,0.0,0.0
1770,1809,=A02+K1.B1-X22-X22.4F:16,=V01+K1.B1-W6(-P2):P2,,0,1,外部连接,0.0,0.0,0.0
1773,1812,=V01+K1.B1-A2:6,=A02+K1.B1-X22-X22.4F:15,,0,1,外部连接,0.0,0.0,0.0
1775,1814,=A02+K1.B1-X22-X22.4F:19,=V01+K1.B1-A4:5,,0,1,外部连接,0.0,0.0,0.0
1778,1817,=V01+K1.B1-W6(-P1):P1,=A02+K1.B1-X22-X22.4F:18,,0,1,外部连接,0.0,0.0,0.0
1779,1818,=A02+K1.B1-X22-X22.4F:21,=V01+K1.B1-A4:6,,0,1,外部连接,0.0,0.0,0.0
1782,1821,=V01+K1.B1-W6(-P1):P1,=A02+K1.B1-X22-X22.4F:20,,0,1,外部连接,0.0,0.0,0.0
1783,1822,=A02+K1.B1-X22-X22.4F:23,=V01+K1.B1-W6(-P2):P2,,0,1,外部连接,0.0,0.0,0.0
1786,1825,=V01+K1.B1-A1:10,=A02+K1.B1-X22-X22.4F:22,,0,1,外部连接,0.0,0.0,0.0
1788,1827,=A02+K1.B1-X22-X22.5F:2,=V01+K1.B1-A4:7,,0,1,外部连接,0.0,0.0,0.0
1791,1830,=V01+K1.B1-W6(-P1):X3:2,=A02+K1.B1-X22-X22.5F:1,,0,1,外部连接,0.0,0.0,0.0
1792,1831,=A02+K1.B1-X22-X22.5F:4,=V01+K1.B1-A4:8,,0,1,外部连接,0.0,0.0,0.0
1795,1834,=A02+K1.B1-X22-X22.5F:3,=V01+K1.B1-W6(-P1):X3:3,,0,1,外部连接,0.0,0.0,0.0
1796,1835,=A02+K1.B1-X22-X22.5F:6,=V01+K1.B1-W6(-P2):P2,,0,1,外部连接,0.0,0.0,0.0
1799,1838,=V01+K1.B1-A1:11,=A02+K1.B1-X22-X22.5F:5,,0,1,外部连接,0.0,0.0,0.0
1801,1840,=A02+K1.B1-X22-X22.5F:9,=V01+K1.B1-A4:9,,0,1,外部连接,0.0,0.0,0.0
1804,1843,=V01+K1.B1-W6(-P1):X3:2,=A02+K1.B1-X22-X22.5F:8,,0,1,外部连接,0.0,0.0,0.0
1805,1844,=A02+K1.B1-X22-X22.5F:11,=V01+K1.B1-A4:10,,0,1,外部连接,0.0,0.0,0.0
1808,1847,=A02+K1.B1-X22-X22.5F:10,=V01+K1.B1-W6(-P1):X3:3,,0,1,外部连接,0.0,0.0,0.0
1809,1848,=A02+K1.B1-X22-X22.5F:13,=V01+K1.B1-W6(-P2):P2,,0,1,外部连接,0.0,0.0,0.0
1812,1851,=V01+K1.B1-A1:12,=A02+K1.B1-X22-X22.5F:12,,0,1,外部连接,0.0,0.0,0.0
1814,1853,=A02+K1.B1-X22-X22.5F:16,=V01+K1.B1-A4:11,,0,1,外部连接,0.0,0.0,0.0
1817,1856,=V01+K1.B1-W6(-P1):X3:2,=A02+K1.B1-X22-X22.5F:15,,0,1,外部连接,0.0,0.0,0.0
1818,1857,=A02+K1.B1-X22-X22.5F:18,=V01+K1.B1-A4:12,,0,1,外部连接,0.0,0.0,0.0
1821,1860,=A02+K1.B1-X22-X22.5F:17,=V01+K1.B1-W6(-P1):X3:3,,0,1,外部连接,0.0,0.0,0.0
1822,1861,=A02+K1.B1-X22-X22.5F:20,=V01+K1.B1-W6(-P2):P2,,0,1,外部连接,0.0,0.0,0.0
1825,1864,=V01+K1.B1-A2:7,=A02+K1.B1-X22-X22.5F:19,,0,1,外部连接,0.0,0.0,0.0
1827,1866,=A02+K1.B1-X22-X22.5F:23,=V01+K1.B1-A4:13,,0,1,外部连接,0.0,0.0,0.0
1830,1869,=V01+K1.B1-W6(-P1):X3:2,=A02+K1.B1-X22-X22.5F:22,,0,1,外部连接,0.0,0.0,0.0
1831,1870,=A02+K1.B1-X22-X22.6F:1,=V01+K1.B1-A4:14,,0,1,外部连接,0.0,0.0,0.0
1834,1873,=A02+K1.B1-X22-X22.5F:24,=V01+K1.B1-W6(-P1):X3:3,,0,1,外部连接,0.0,0.0,0.0
1835,1874,=A02+K1.B1-X22-X22.6F:3,=V01+K1.B1-W6(-P2):P2,,0,1,外部连接,0.0,0.0,0.0
1838,1877,=V01+K1.B1-A2:8,=A02+K1.B1-X22-X22.6F:2,,0,1,外部连接,0.0,0.0,0.0
1840,1879,=A02+K1.B1-X22-X22.6F:6,=V01+K1.B1-A4:15,,0,1,外部连接,0.0,0.0,0.0
1843,1882,=V01+K1.B1-W6(-P1):X3:2,=A02+K1.B1-X22-X22.6F:5,,0,1,外部连接,0.0,0.0,0.0
1844,1883,=A02+K1.B1-X22-X22.6F:8,=V01+K1.B1-A4:16,,0,1,外部连接,0.0,0.0,0.0
1847,1886,=A02+K1.B1-X22-X22.6F:7,=V01+K1.B1-W6(-P1):X3:3,,0,1,外部连接,0.0,0.0,0.0
1848,1887,=A02+K1.B1-X22-X22.6F:10,=V01+K1.B1-W6(-P2):P2,,0,1,外部连接,0.0,0.0,0.0
1851,1890,=A02+K1.B1-K22:24,=A02+K1.B1-X22-X22.6F:9,,0,1,外部连接,0.0,0.0,0.0
1852,1891,=A02+K1.B1-K22:23,=V01+K1.B1-A2:9,,0,1,外部连接,0.0,0.0,0.0
1854,1893,=A02+K1.B1-X22-X22.6F:13,=V01+K1.B1-W6(-P2):P2,,0,1,外部连接,0.0,0.0,0.0
1857,1896,=A02+K1.B1-K22:64,=A02+K1.B1-X22-X22.6F:12,,0,1,外部连接,0.0,0.0,0.0
1858,1897,=A02+K1.B1-K22:63,=V01+K1.B1-A2:10,,0,1,外部连接,0.0,0.0,0.0
1860,1899,=A02+K1.B1-X22-X22.6F:16,=V01+K1.B1-W6(-P2):P2,,0,1,外部连接,0.0,0.0,0.0
1863,1902,=V01+K1.B1-A1:13,=A02+K1.B1-X22-X22.6F:15,,0,1,外部连接,0.0,0.0,0.0
1865,1904,=A02+K1.B1-X22-X22.6F:19,=V01+K1.B1-A5:1,,0,1,外部连接,0.0,0.0,0.0
1868,1907,=V01+K1.B1-W6(-P1):X3:2,=A02+K1.B1-X22-X22.6F:18,,0,1,外部连接,0.0,0.0,0.0
1869,1908,=A02+K1.B1-X22-X22.6F:21,=V01+K1.B1-A5:2,,0,1,外部连接,0.0,0.0,0.0
1872,1911,=A02+K1.B1-X22-X22.6F:20,=V01+K1.B1-W6(-P1):X3:3,,0,1,外部连接,0.0,0.0,0.0
1873,1912,=V01+K1.B1-V1:2.1,=V01+K1.B1-W5(-P1):X1:9,,0,1,外部连接,0.0,0.0,0.0
1874,1913,=A02+K1.B1-W6(-P2):X2:3,=V01+K1.B1-W5(-P2):X1:9,,0,1,外部连接,0.0,0.0,0.0
1875,1914,=V01+K1.B1-V2:2.1,=V01+K1.B1-W6(-P1):X1:9,,0,1,外部连接,0.0,0.0,0.0
1876,1915,=A02+K1.B1-W6(-P2):X2:4,=V01+K1.B1-W6(-P2):X1:9,,0,1,外部连接,0.0,0.0,0.0
1877,1916,=V01+K1.B1-W5(-P1):X1:8,=A02+K1.B1-K21:44,,0,1,外部连接,0.0,0.0,0.0
1878,1917,=V01+K1.B1-A1.1:2,=A02+K1.B1-K21:43,,0,1,外部连接,0.0,0.0,0.0
1879,1918,=V01+K1.B1-W5(-P2):X2:4,=V01+K1.B1-A1.1:7,,0,1,外部连接,0.0,0.0,0.0
1880,1919,=V01+K1.B1-A2.1:2,=V01+K1.B1-W5(-P1):X2:1,,0,1,外部连接,0.0,0.0,0.0
1881,1920,=V01+K1.B1-A2.1:7,=V01+K1.B1-W5(-P2):X2:5,,0,1,外部连接,0.0,0.0,0.0
1882,1921,=V01+K1.B1-A5.1:2,=V01+K1.B1-W5(-P1):X2:2,,0,1,外部连接,0.0,0.0,0.0
1883,1922,=V01+K1.B1-A5.1:7,=V01+K1.B1-W5(-P2):X3:6,,0,1,外部连接,0.0,0.0,0.0
