id,fdid,function,location,device,Type,isSim,isPLC,isTerminal
1,=A01+K1.H2-Q1,A01,K1.H2,Q1,Unknown,0,0,0
2,=A01+K1.B1-K3,A01,K1.B1,K3,Unknown,0,0,0
3,=A01+K1.H2-W0,A01,K1.H2,W0,Unknown,0,0,0
5,=A01+K1.H2-F0,A01,K1.H2,F0,Unknown,0,0,0
8,=A01+K1.H2-Q2,A01,K1.H2,Q2,Unknown,0,0,0
21,=A01+K1.H2-X1,A01,K1.H2,X1,Unknown,0,0,0
24,=A02+K1.H2-X5,A02,K1.H2,X5,Unknown,0,0,0
29,=A02+K1.H2-W20,A02,K1.H2,W20,Unknown,0,0,0
32,=A02+K1.H2-X6,A02,K1.H2,X6,Unknown,0,0,0
34,=A01+K1.H2-G1,A01,K1.H2,G1,Unknown,0,0,0
44,=A02+K1.B1-X21-X21.1F,A02,K1.B1,X21-X21.1F,Terminal,0,0,1
54,=A02+K1.B1-A3,A02,K1.B1,A3,PLC,0,1,0
55,=A01+K1.G2-S1,A01,K1.G2,S1,Unknown,0,0,0
59,=A01+K1.B1-W7(-P1),A01,K1.B1,W7(-P1),Unknown,0,0,0
69,=A01+S1-S3,A01,S1,S3,Unknown,0,0,0
70,=A02+K1.B1-X21-X21.1M,A02,K1.B1,X21-X21.1M,Terminal,0,0,1
80,=A01+K1.B1-X20,A01,K1.B1,X20,Terminal,0,0,1
88,=A01+K1.E1-E1,A01,K1.E1,E1,Unknown,0,0,0
96,=A01+K1.H1-G2-L+,A01,K1.H1,G2-L+,Unknown,0,0,0
97,=A01+K1.H2-F1,A01,K1.H2,F1,Unknown,0,0,0
98,=A01+K1.H1-G2-L,A01,K1.H1,G2-L,Unknown,0,0,0
101,=P01+K1.G1-E1,P01,K1.G1,E1,Unknown,0,0,0
104,=A01+K1.H1-G2-N,A01,K1.H1,G2-N,Unknown,0,0,0
107,=A01+K1.H1-G2-L-,A01,K1.H1,G2-L-,Unknown,0,0,0
108,=A01+K1.B1-W7(-P2),A01,K1.B1,W7(-P2),Unknown,0,0,0
110,=A01+K1.H1-G2-PE,A01,K1.H1,G2-PE,Unknown,0,0,0
116,=A02+K1.B1-A5,A02,K1.B1,A5,PLC,0,1,0
118,=A02+K1.H2-Q1,A02,K1.H2,Q1,Unknown,0,0,0
120,=A02+K1.H1-G2,A02,K1.H1,G2,Unknown,0,0,0
139,=A01+K1.H2-T1,A01,K1.H2,T1,Unknown,0,0,0
157,=A01+K1.H2-K1,A01,K1.H2,K1,Unknown,0,0,0
158,=A02+K1.B1-W5(-P2),A02,K1.B1,W5(-P2),Unknown,0,0,0
159,=A02+K1.B1-K20,A02,K1.B1,K20,Unknown,0,0,0
163,=F01+K1.B1-K1,F01,K1.B1,K1,Unknown,0,0,0
165,=A02+K1.B1-W5(-P1),A02,K1.B1,W5(-P1),Unknown,0,0,0
167,=A01+K1.H2-K2,A01,K1.H2,K2,Unknown,0,0,0
172,=Q15+K1.H2-F11,Q15,K1.H2,F11,Unknown,0,0,0
174,=Q15+K1.H2-F12,Q15,K1.H2,F12,Unknown,0,0,0
176,=Q15+K1.H2-F13,Q15,K1.H2,F13,Unknown,0,0,0
178,=Q15+K1.H2-F14,Q15,K1.H2,F14,Unknown,0,0,0
180,=Q01+K1.H2-Q1,Q01,K1.H2,Q1,Unknown,0,0,0
187,=A02+K1.B1-A1,A02,K1.B1,A1,PLC,0,1,0
194,=A02+K1.H2-W1,A02,K1.H2,W1,Unknown,0,0,0
200,=A02+K1.H2-W2,A02,K1.H2,W2,Unknown,0,0,0
212,=A02+K1.H2-W3,A02,K1.H2,W3,Unknown,0,0,0
218,=A02+K1.H2-W4,A02,K1.H2,W4,Unknown,0,0,0
230,=A02+K1.H2-W2.1,A02,K1.H2,W2.1,Unknown,0,0,0
236,=A02+K1.B1-V1(0),A02,K1.B1,V1(0),Unknown,0,0,0
244,=A02+K1.B1-W6(-P2),A02,K1.B1,W6(-P2),Unknown,0,0,0
249,=A02+K1.H2-F2,A02,K1.H2,F2,Unknown,0,0,0
250,=A02+K1.B1-X200,A02,K1.B1,X200,Terminal,0,0,1
257,=A02+K1.H1-K1,A02,K1.H1,K1,Unknown,0,0,0
258,=A02+K1.A1-X21,A02,K1.A1,X21,Terminal,0,0,1
264,=A02+K1.H2-X22,A02,K1.H2,X22,Terminal,0,0,1
266,=A02+K1.H2-F3.1,A02,K1.H2,F3.1,Unknown,0,0,0
277,=A02+K1.H2-F3,A02,K1.H2,F3,Unknown,0,0,0
289,=A02+K1.E1-S1,A02,K1.E1,S1,Unknown,0,0,0
290,=A02+K1.B1-X9,A02,K1.B1,X9,Unknown,0,0,0
293,=A02+K1.H2-F4,A02,K1.H2,F4,Unknown,0,0,0
299,=A02+K1.E1-S2,A02,K1.E1,S2,Unknown,0,0,0
305,=A02+K1.E1-S3,A02,K1.E1,S3,Unknown,0,0,0
312,=A02+K1.A1-M1,A02,K1.A1,M1,Unknown,0,0,0
322,=P01+K1.G1-D1,P01,K1.G1,D1,Unknown,0,0,0
330,=A02+K1.B1-X100,A02,K1.B1,X100,Unknown,0,0,0
336,=A01+K1.I1-X1,A01,K1.I1,X1,Unknown,0,0,0
340,=A02+K1.H1-W21,A02,K1.H1,W21,Unknown,0,0,0
341,=A02+K1.B1-W22,A02,K1.B1,W22,Unknown,0,0,0
344,=A02+K1.H1-W12,A02,K1.H1,W12,Unknown,0,0,0
345,=A02+K1.B1-W10,A02,K1.B1,W10,Unknown,0,0,0
347,=A02+K1.B1-W9,A02,K1.B1,W9,Unknown,0,0,0
349,=A02+K1.B1-W11,A02,K1.B1,W11,Unknown,0,0,0
351,=A02+K1.B1-X20-X20.1M,A02,K1.B1,X20-X20.1M,Terminal,0,0,1
354,=A02+K1.B1-X20-X20.1F,A02,K1.B1,X20-X20.1F,Terminal,0,0,1
363,=A02+K1.B1-X20-X20.2M,A02,K1.B1,X20-X20.2M,Terminal,0,0,1
366,=A02+K1.B1-X20-X20.2F,A02,K1.B1,X20-X20.2F,Terminal,0,0,1
383,=A02+K1.B1-X20-X20.3F,A02,K1.B1,X20-X20.3F,Terminal,0,0,1
385,=A02+S1-S2,A02,S1,S2,Unknown,0,0,0
386,=A02+K1.B1-X20-X20.3M,A02,K1.B1,X20-X20.3M,Terminal,0,0,1
393,=A02+S1-S3,A02,S1,S3,Unknown,0,0,0
409,=A02+S1-S12,A02,S1,S12,Unknown,0,0,0
417,=A02+S1-S13,A02,S1,S13,Unknown,0,0,0
461,=A02+K1.B1-A2,A02,K1.B1,A2,PLC,0,1,0
479,=A02+K1.B1-A4,A02,K1.B1,A4,PLC,0,1,0
495,=A02+K1.B1-X20-X20.5M,A02,K1.B1,X20-X20.5M,Terminal,0,0,1
500,=A02+K1.B1-X20-X20.5F,A02,K1.B1,X20-X20.5F,Terminal,0,0,1
501,=A02+S1-S20,A02,S1,S20,Unknown,0,0,0
516,=A02+K1.B1-K21.1,A02,K1.B1,K21.1,Unknown,0,0,0
546,=A02+K1.B1-K19,A02,K1.B1,K19,Unknown,0,0,0
549,=A02+K1.B1-X20-X20.4F,A02,K1.B1,X20-X20.4F,Terminal,0,0,1
551,=A02+S1-S1,A02,S1,S1,Unknown,0,0,0
552,=A02+K1.B1-X20-X20.4M,A02,K1.B1,X20-X20.4M,Terminal,0,0,1
566,=A02+K1.B1-K22,A02,K1.B1,K22,Unknown,0,0,0
567,=A02+K1.B1-K21,A02,K1.B1,K21,Unknown,0,0,0
573,=A02+S1-S11,A02,S1,S11,Unknown,0,0,0
589,=A02+K1.G2-S2,A02,K1.G2,S2,Unknown,0,0,0
595,=A02+K1.G2-S3,A02,K1.G2,S3,Unknown,0,0,0
666,=A02+K1.G2-H1,A02,K1.G2,H1,Unknown,0,0,0
688,=A02+K1.B1-V1,A02,K1.B1,V1,Unknown,0,0,0
691,=F01+K1.B1-V1,F01,K1.B1,V1,Unknown,0,0,0
695,=O01+K1.B1-V1,O01,K1.B1,V1,Unknown,0,0,0
699,=Q01+K1.B1-V1,Q01,K1.B1,V1,Unknown,0,0,0
703,=S02+K1.B1-V1,S02,K1.B1,V1,Unknown,0,0,0
704,=Q15+K1.B1-V1,Q15,K1.B1,V1,Unknown,0,0,0
706,=V01+K1.B1-V1,V01,K1.B1,V1,Unknown,0,0,0
711,=V01+K1.B1-V2,V01,K1.B1,V2,Unknown,0,0,0
721,=F01+K1.B1-W5(-P1),F01,K1.B1,W5(-P1),Unknown,0,0,0
725,=F01+K1.B1-W5(-P2),F01,K1.B1,W5(-P2),Unknown,0,0,0
755,=V01+K1.B1-A3,V01,K1.B1,A3,PLC,0,1,0
756,=A02+K1.B1-X22-X22.6F,A02,K1.B1,X22-X22.6F,Terminal,0,0,1
763,=V01+K1.B1-A1,V01,K1.B1,A1,PLC,0,1,0
791,=M01+K1.D2-X1,M01,K1.D2,X1,Unknown,0,0,0
793,=M01+K1.H1-Z1,M01,K1.H1,Z1,Unknown,0,0,0
794,=M01+K1.H1-U1,M01,K1.H1,U1,Unknown,0,0,0
795,=M01+K1.H2-F2,M01,K1.H2,F2,Unknown,0,0,0
831,=A02+K1.B1-X20-X20.6M,A02,K1.B1,X20-X20.6M,Terminal,0,0,1
834,=A02+K1.B1-X20-X20.6F,A02,K1.B1,X20-X20.6F,Terminal,0,0,1
860,=M01+K1.B1-K10,M01,K1.B1,K10,Unknown,0,0,0
862,=M01+K1.B1-K11,M01,K1.B1,K11,Unknown,0,0,0
866,=M01+K1.B1-K9,M01,K1.B1,K9,Unknown,0,0,0
882,=P01+K1.B1-X9,P01,K1.B1,X9,Unknown,0,0,0
907,=O01+K1.B1-V2,O01,K1.B1,V2,Unknown,0,0,0
908,=O01+K1.B1-W5(-P2),O01,K1.B1,W5(-P2),Unknown,0,0,0
909,=O01+K1.B1-A1,O01,K1.B1,A1,PLC,0,1,0
915,=O01+K1.B1-K4,O01,K1.B1,K4,Unknown,0,0,0
941,=O01+K1.B1-K1,O01,K1.B1,K1,Unknown,0,0,0
957,=O01+K1.B1-W5(-P1),O01,K1.B1,W5(-P1),Unknown,0,0,0
982,=A02+K1.B1-X21-X21.4F,A02,K1.B1,X21-X21.4F,Terminal,0,0,1
984,=Q01+K1.B1-A4,Q01,K1.B1,A4,PLC,0,1,0
989,=O01+K1.B1-A2,O01,K1.B1,A2,PLC,0,1,0
994,=O02+K1.G1-D2,O02,K1.G1,D2,Unknown,0,0,0
1000,=P01+K1.B1-A0.10,P01,K1.B1,A0.10,PLC,0,1,0
1002,=O02+K1.B1-X9,O02,K1.B1,X9,Unknown,0,0,0
1003,=O02+K1.G1-D2-X6,O02,K1.G1,D2-X6,Unknown,0,0,0
1023,=O02+K1.G1-D2-X2,O02,K1.G1,D2-X2,Unknown,0,0,0
1063,=O02+K1.G1-D2-X5,O02,K1.G1,D2-X5,Unknown,0,0,0
1073,=O02+K1.H1-A20-X4,O02,K1.H1,A20-X4,PLC,0,1,0
1086,=A02+K1.H1-W10,A02,K1.H1,W10,Unknown,0,0,0
1087,=O02+K1.H1-A20-X1,O02,K1.H1,A20-X1,PLC,0,1,0
1090,=O02+K1.B1-O01-W5(-P2),O02,K1.B1,O01-W5(-P2),Unknown,0,0,0
1091,=O02+K1.H1-A20-X2,O02,K1.H1,A20-X2,PLC,0,1,0
1095,=A02+K1.B1-X21-X21.2F,A02,K1.B1,X21-X21.2F,Terminal,0,0,1
1098,=A02+K1.B1-X21-X21.2M,A02,K1.B1,X21-X21.2M,Terminal,0,0,1
1139,=O02+K1.H1-A20-X3,O02,K1.H1,A20-X3,PLC,0,1,0
1162,=P01+K1.G2-X1,P01,K1.G2,X1,Unknown,0,0,0
1166,=P01+K1.G2-X2,P01,K1.G2,X2,Unknown,0,0,0
1169,=P01+K1.G2-P1,P01,K1.G2,P1,Unknown,0,0,0
1180,=P01+K1.H1-D2,P01,K1.H1,D2,Unknown,0,0,0
1181,=P01+K1.B1-V1,P01,K1.B1,V1,Unknown,0,0,0
1203,=P01+K1.B1-A0.0,P01,K1.B1,A0.0,PLC,0,1,0
1213,=P01+K1.B1-A0,P01,K1.B1,A0,PLC,0,1,0
1216,=F01+K1.D2-X11,F01,K1.D2,X11,Unknown,0,0,0
1220,=P01+K1.B1-A0.2,P01,K1.B1,A0.2,PLC,0,1,0
1233,=P01+K1.B1-T1,P01,K1.B1,T1,Unknown,0,0,0
1241,=P01+K1.B1-T2,P01,K1.B1,T2,Unknown,0,0,0
1252,=Q01+K1.B1-X9,Q01,K1.B1,X9,Unknown,0,0,0
1257,=P01+K1.G2-X3,P01,K1.G2,X3,Unknown,0,0,0
1286,=Q01+K1.G1-G1,Q01,K1.G1,G1,Unknown,0,0,0
1287,=Q01+K1.B1-X20,Q01,K1.B1,X20,Terminal,0,0,1
1328,=Q01+K1.B1-A1,Q01,K1.B1,A1,PLC,0,1,0
1339,=Q01+K1.B1-A10,Q01,K1.B1,A10,PLC,0,1,0
1343,=Q01+K1.B1-A11,Q01,K1.B1,A11,PLC,0,1,0
1351,=Q01+K1.B1-W5(-P2),Q01,K1.B1,W5(-P2),Unknown,0,0,0
1366,=Q01+K1.B1-W5(-P1),Q01,K1.B1,W5(-P1),Unknown,0,0,0
1401,=Q01+K1.D2-X1,Q01,K1.D2,X1,Unknown,0,0,0
1405,=Q01+K1.H2-Q2,Q01,K1.H2,Q2,Unknown,0,0,0
1416,=Q01+K1.D2-X2,Q01,K1.D2,X2,Unknown,0,0,0
1442,=Q01+K1.B1-A7,Q01,K1.B1,A7,PLC,0,1,0
1447,=A02+K1.B1-X21-X21.3M,A02,K1.B1,X21-X21.3M,Terminal,0,0,1
1450,=A02+K1.B1-X21-X21.3F,A02,K1.B1,X21-X21.3F,Terminal,0,0,1
1483,=A02+K1.B1-X21-X21.4M,A02,K1.B1,X21-X21.4M,Terminal,0,0,1
1485,=Q01+K1.B1-A3,Q01,K1.B1,A3,PLC,0,1,0
1501,=Q01+K1.B1-A2,Q01,K1.B1,A2,PLC,0,1,0
1519,=Q01+K1.H1-G2,Q01,K1.H1,G2,Unknown,0,0,0
1523,=Q01+K1.H2-Q3,Q01,K1.H2,Q3,Unknown,0,0,0
1553,=Q01+K1.G1-N2,Q01,K1.G1,N2,Unknown,0,0,0
1573,=Q01+K1.B1-A5,Q01,K1.B1,A5,PLC,0,1,0
1601,=Q01+K1.B1-A13,Q01,K1.B1,A13,PLC,0,1,0
1603,=Q01+K1.G2-X1,Q01,K1.G2,X1,Unknown,0,0,0
1628,=Q01+K1.B1-G4,Q01,K1.B1,G4,Unknown,0,0,0
1632,=Q01+K1.B1-A12,Q01,K1.B1,A12,PLC,0,1,0
1657,=Q01+K1.B1-A6,Q01,K1.B1,A6,PLC,0,1,0
1658,=Q01+K1.B1-K5,Q01,K1.B1,K5,Unknown,0,0,0
1659,=A02+K1.B1-X21-X21.5M,A02,K1.B1,X21-X21.5M,Terminal,0,0,1
1662,=A02+K1.B1-X21-X21.5F,A02,K1.B1,X21-X21.5F,Terminal,0,0,1
1670,=Q01+K1.B1-K4,Q01,K1.B1,K4,Unknown,0,0,0
1701,=Q01+K1.B1-R1,Q01,K1.B1,R1,Unknown,0,0,0
1785,=A02+K1.B1-X21-X21.6M,A02,K1.B1,X21-X21.6M,Terminal,0,0,1
1788,=A02+K1.B1-X21-X21.6F,A02,K1.B1,X21-X21.6F,Terminal,0,0,1
1823,=A02+K1.B1-X22-X22.1M,A02,K1.B1,X22-X22.1M,Terminal,0,0,1
1826,=A02+K1.B1-X22-X22.1F,A02,K1.B1,X22-X22.1F,Terminal,0,0,1
1863,=Q01+K1.G1-N5,Q01,K1.G1,N5,Unknown,0,0,0
1883,=Q01+K1.B1-A8,Q01,K1.B1,A8,PLC,0,1,0
1913,=Q01+K1.B1-A9,Q01,K1.B1,A9,PLC,0,1,0
1914,=Q01+K1.B1-K7,Q01,K1.B1,K7,Unknown,0,0,0
1915,=A02+K1.B1-X22-X22.2M,A02,K1.B1,X22-X22.2M,Terminal,0,0,1
1918,=A02+K1.B1-X22-X22.2F,A02,K1.B1,X22-X22.2F,Terminal,0,0,1
1925,=Q01+K1.B1-K6,Q01,K1.B1,K6,Unknown,0,0,0
1958,=Q01+K1.B1-R11,Q01,K1.B1,R11,Unknown,0,0,0
2023,=Q15+K1.B1-X20,Q15,K1.B1,X20,Terminal,0,0,1
2024,=Q15+K1.G1-G1,Q15,K1.G1,G1,Unknown,0,0,0
2038,=Q15+K1.B1-A2,Q15,K1.B1,A2,PLC,0,1,0
2041,=Q15+K1.B1-A21,Q15,K1.B1,A21,PLC,0,1,0
2043,=Q15+K1.B1-R1,Q15,K1.B1,R1,Unknown,0,0,0
2045,=Q15+K1.B1-K1,Q15,K1.B1,K1,Unknown,0,0,0
2047,=Q15+K1.B1-W5(-P1),Q15,K1.B1,W5(-P1),Unknown,0,0,0
2050,=Q15+K1.B1-A1,Q15,K1.B1,A1,PLC,0,1,0
2077,=Q15+K1.B1-W5(-P2),Q15,K1.B1,W5(-P2),Unknown,0,0,0
2079,=Q15+K1.B1-A3,Q15,K1.B1,A3,PLC,0,1,0
2083,=Q15+K1.B1-A4,Q15,K1.B1,A4,PLC,0,1,0
2094,=Q15+K1.G1-G2,Q15,K1.G1,G2,Unknown,0,0,0
2114,=Q15+K1.B1-K22,Q15,K1.B1,K22,Unknown,0,0,0
2119,=Q15+K1.B1-A22,Q15,K1.B1,A22,PLC,0,1,0
2124,=Q15+K1.B1-K2,Q15,K1.B1,K2,Unknown,0,0,0
2176,=Q15+K1.G1-G3,Q15,K1.G1,G3,Unknown,0,0,0
2196,=Q15+K1.B1-K23,Q15,K1.B1,K23,Unknown,0,0,0
2201,=Q15+K1.B1-A23,Q15,K1.B1,A23,PLC,0,1,0
2207,=Q15+K1.B1-K3,Q15,K1.B1,K3,Unknown,0,0,0
2241,=Q15+K1.B1-A5,Q15,K1.B1,A5,PLC,0,1,0
2245,=Q15+K1.B1-A6,Q15,K1.B1,A6,PLC,0,1,0
2258,=Q15+K1.G1-G4,Q15,K1.G1,G4,Unknown,0,0,0
2271,=A02+K1.B1-X23-X23.6M,A02,K1.B1,X23-X23.6M,Terminal,0,0,1
2273,=Q15+K1.B1-V2,Q15,K1.B1,V2,Unknown,0,0,0
2274,=A02+K1.B1-X23-X23.6F,A02,K1.B1,X23-X23.6F,Terminal,0,0,1
2289,=Q15+K1.B1-A24,Q15,K1.B1,A24,PLC,0,1,0
2292,=Q15+K1.B1-R4,Q15,K1.B1,R4,Unknown,0,0,0
2293,=Q15+K1.B1-K4,Q15,K1.B1,K4,Unknown,0,0,0
2340,=Q15+K1.G1-G5,Q15,K1.G1,G5,Unknown,0,0,0
2341,=Q15+K1.H2-F15,Q15,K1.H2,F15,Unknown,0,0,0
2357,=Q15+K1.B1-A25,Q15,K1.B1,A25,PLC,0,1,0
2359,=Q15+K1.B1-U1,Q15,K1.B1,U1,Unknown,0,0,0
2385,=Q15+K1.B1-U2,Q15,K1.B1,U2,Unknown,0,0,0
2421,=Q15+K1.B1-A8,Q15,K1.B1,A8,PLC,0,1,0
2429,=Q15+K1.B1-A7,Q15,K1.B1,A7,PLC,0,1,0
2494,=Q15+K1.B1-X21,Q15,K1.B1,X21,Terminal,0,0,1
2583,=S02+K1.H2-Q1,S02,K1.H2,Q1,Unknown,0,0,0
2584,=S02+K1.H1-V1.1,S02,K1.H1,V1.1,Unknown,0,0,0
2588,=S02+K1.H1-V1.2,S02,K1.H1,V1.2,Unknown,0,0,0
2592,=S02+K1.H1-V1.3,S02,K1.H1,V1.3,Unknown,0,0,0
2595,=S02+K1.H2-Q2,S02,K1.H2,Q2,Unknown,0,0,0
2596,=S02+K1.H1-V2.1,S02,K1.H1,V2.1,Unknown,0,0,0
2600,=S02+K1.H1-V2.2,S02,K1.H1,V2.2,Unknown,0,0,0
2604,=S02+K1.H1-V2.3,S02,K1.H1,V2.3,Unknown,0,0,0
2608,=S02+K1.B1-A1,S02,K1.B1,A1,PLC,0,1,0
2609,=S02+K1.B1-W5(-P1),S02,K1.B1,W5(-P1),Unknown,0,0,0
2618,=S02+K1.B1-W5(-P2),S02,K1.B1,W5(-P2),Unknown,0,0,0
2630,=S02+K1.H1-F1.3,S02,K1.H1,F1.3,Unknown,0,0,0
2643,=S02+K1.D2-X11,S02,K1.D2,X11,Unknown,0,0,0
2647,=S02+K1.H1-F1.1,S02,K1.H1,F1.1,Unknown,0,0,0
2660,=S02+K1.H1-F1.2,S02,K1.H1,F1.2,Unknown,0,0,0
2662,=S02+K1.D2-X12,S02,K1.D2,X12,Unknown,0,0,0
2668,=S02+K1.D2-X13,S02,K1.D2,X13,Unknown,0,0,0
2682,=S02+K1.D2-X21,S02,K1.D2,X21,Terminal,0,0,1
2816,=S02+K1.H1-F2.1,S02,K1.H1,F2.1,Unknown,0,0,0
2818,=S02+K1.H1-F2.2,S02,K1.H1,F2.2,Unknown,0,0,0
2856,=S02+K1.D2-X22,S02,K1.D2,X22,Terminal,0,0,1
2933,=S02+K1.D2-X31,S02,K1.D2,X31,Unknown,0,0,0
2937,=S02+K1.H1-F2.3,S02,K1.H1,F2.3,Unknown,0,0,0
2982,=V01+K1.B1-A8,V01,K1.B1,A8,PLC,0,1,0
2993,=V01+K1.D2-X11,V01,K1.D2,X11,Unknown,0,0,0
2997,=V01+K1.H1-K1,V01,K1.H1,K1,Unknown,0,0,0
2999,=V01+K1.H2-Q1,V01,K1.H2,Q1,Unknown,0,0,0
3030,=V01+K1.B1-W5(-P2),V01,K1.B1,W5(-P2),Unknown,0,0,0
3037,=V01+K1.B1-W5(-P1),V01,K1.B1,W5(-P1),Unknown,0,0,0
3039,=V01+K1.D2-X12,V01,K1.D2,X12,Unknown,0,0,0
3043,=V01+K1.H2-Q2,V01,K1.H2,Q2,Unknown,0,0,0
3073,=V01+K1.B1-K50,V01,K1.B1,K50,Unknown,0,0,0
3075,=V01+K1.H2-F1,V01,K1.H2,F1,Unknown,0,0,0
3085,=A02+K1.B1-X22-X22.3M,A02,K1.B1,X22-X22.3M,Terminal,0,0,1
3088,=A02+K1.B1-X22-X22.3F,A02,K1.B1,X22-X22.3F,Terminal,0,0,1
3091,=V01+K1.B1-K51,V01,K1.B1,K51,Unknown,0,0,0
3101,=V01+K1.B1-K53,V01,K1.B1,K53,Unknown,0,0,0
3127,=V01+K1.D2-X17,V01,K1.D2,X17,Unknown,0,0,0
3131,=V01+K1.H2-F3.1,V01,K1.H2,F3.1,Unknown,0,0,0
3153,=V01+K1.H2-F3.2,V01,K1.H2,F3.2,Unknown,0,0,0
3171,=V01+K1.D2-X18,V01,K1.D2,X18,Unknown,0,0,0
3175,=V01+K1.H2-F3.3,V01,K1.H2,F3.3,Unknown,0,0,0
3193,=V01+K1.B1-A13,V01,K1.B1,A13,PLC,0,1,0
3212,=V01+K1.B1-W6(-P1),V01,K1.B1,W6(-P1),Unknown,0,0,0
3220,=V01+K1.B1-W6(-P2),V01,K1.B1,W6(-P2),Unknown,0,0,0
3240,=V01+K1.B1-A5,V01,K1.B1,A5,PLC,0,1,0
3247,=V01+K1.D2-X16,V01,K1.D2,X16,Unknown,0,0,0
3251,=V01+K1.H2-Q4,V01,K1.H2,Q4,Unknown,0,0,0
3281,=A02+K1.B1-X22-X22.4M,A02,K1.B1,X22-X22.4M,Terminal,0,0,1
3283,=V01+K1.B1-K4,V01,K1.B1,K4,Unknown,0,0,0
3284,=A02+K1.B1-X22-X22.4F,A02,K1.B1,X22-X22.4F,Terminal,0,0,1
3295,=V01+K1.B1-K5,V01,K1.B1,K5,Unknown,0,0,0
3298,=V01+K1.B1-K6,V01,K1.B1,K6,Unknown,0,0,0
3300,=V01+K1.B1-K7,V01,K1.B1,K7,Unknown,0,0,0
3305,=V01+K1.B1-A2,V01,K1.B1,A2,PLC,0,1,0
3318,=V01+K1.B1-K8,V01,K1.B1,K8,Unknown,0,0,0
3348,=V01+K1.B1-A6,V01,K1.B1,A6,PLC,0,1,0
3367,=A02+K1.B1-X22-X22.5F,A02,K1.B1,X22-X22.5F,Terminal,0,0,1
3369,=A02+K1.B1-X22-X22.5M,A02,K1.B1,X22-X22.5M,Terminal,0,0,1
3429,=A02+K1.B1-X22-X22.6M,A02,K1.B1,X22-X22.6M,Terminal,0,0,1
3436,=V01+K1.B1-A7,V01,K1.B1,A7,PLC,0,1,0
3469,=A02+K1.B1-X23-X23.1F,A02,K1.B1,X23-X23.1F,Terminal,0,0,1
3472,=A02+K1.B1-X23-X23.1M,A02,K1.B1,X23-X23.1M,Terminal,0,0,1
3479,=V01+K1.B1-K35,V01,K1.B1,K35,Unknown,0,0,0
3485,=V01+K1.B1-K36,V01,K1.B1,K36,Unknown,0,0,0
3491,=V01+K1.B1-K37,V01,K1.B1,K37,Unknown,0,0,0
3501,=V01+K1.B1-K38,V01,K1.B1,K38,Unknown,0,0,0
3507,=V01+K1.B1-K39,V01,K1.B1,K39,Unknown,0,0,0
3549,=A02+K1.B1-X23-X23.2F,A02,K1.B1,X23-X23.2F,Terminal,0,0,1
3552,=A02+K1.B1-X23-X23.2M,A02,K1.B1,X23-X23.2M,Terminal,0,0,1
3560,=V01+K1.B1-A4,V01,K1.B1,A4,PLC,0,1,0
3561,=V01+S1-S2.1,V01,S1,S2.1,Unknown,0,0,0
3569,=V01+S1-S3.1,V01,S1,S3.1,Unknown,0,0,0
3587,=V01+S1-S2.2,V01,S1,S2.2,Unknown,0,0,0
3595,=V01+S1-S3.2,V01,S1,S3.2,Unknown,0,0,0
3601,=A02+K1.B1-X23-X23.3F,A02,K1.B1,X23-X23.3F,Terminal,0,0,1
3604,=A02+K1.B1-X23-X23.3M,A02,K1.B1,X23-X23.3M,Terminal,0,0,1
3613,=V01+S1-S2.3,V01,S1,S2.3,Unknown,0,0,0
3621,=V01+S1-S3.3,V01,S1,S3.3,Unknown,0,0,0
3653,=A02+K1.B1-X23-X23.4F,A02,K1.B1,X23-X23.4F,Terminal,0,0,1
3656,=A02+K1.B1-X23-X23.4M,A02,K1.B1,X23-X23.4M,Terminal,0,0,1
3705,=A02+K1.B1-X23-X23.5F,A02,K1.B1,X23-X23.5F,Terminal,0,0,1
3708,=A02+K1.B1-X23-X23.5M,A02,K1.B1,X23-X23.5M,Terminal,0,0,1
3817,=V01+K1.B1-A1.1,V01,K1.B1,A1.1,PLC,0,1,0
3821,=V01+K1.B1-A2.1,V01,K1.B1,A2.1,PLC,0,1,0
3825,=V01+K1.B1-A5.1,V01,K1.B1,A5.1,PLC,0,1,0
